# left45_sensor,front_sensor,right45_sensor,stop,left,forward,right
0,19,0,0,0,1,0
0,19,1000,0,0,0,1
0,19,1,0,0,1,0
0,19,1001,0,0,0,1
0,19,999,0,0,0,1
0,20,0,0,0,1,0
0,20,1000,0,0,0,1
0,20,1,0,0,1,0
0,20,1001,0,0,0,1
0,20,999,0,0,0,1
0,18,0,1,0,0,0
0,18,1000,1,0,0,0
0,18,1,1,0,0,0
0,18,1001,1,0,0,0
0,18,999,1,0,0,0
1000,19,0,0,1,0,0
1000,19,1000,0,0,0,1
1000,19,1,0,1,0,0
1000,19,1001,0,0,0,1
1000,19,999,0,1,0,0
1000,20,0,0,1,0,0
1000,20,1000,0,0,0,1
1000,20,1,0,1,0,0
1000,20,1001,0,0,0,1
1000,20,999,0,1,0,0
1000,18,0,1,0,0,0
1000,18,1000,1,0,0,0
1000,18,1,1,0,0,0
1000,18,1001,1,0,0,0
1000,18,999,1,0,0,0
1,19,0,0,0,1,0
1,19,1000,0,0,0,1
1,19,1,0,0,1,0
1,19,1001,0,0,0,1
1,19,999,0,0,0,1
1,20,0,0,0,1,0
1,20,1000,0,0,0,1
1,20,1,0,0,1,0
1,20,1001,0,0,0,1
1,20,999,0,0,0,1
1,18,0,1,0,0,0
1,18,1000,1,0,0,0
1,18,1,1,0,0,0
1,18,1001,1,0,0,0
1,18,999,1,0,0,0
1001,19,0,0,1,0,0
1001,19,1000,0,1,0,0
1001,19,1,0,1,0,0
1001,19,1001,0,0,0,1
1001,19,999,0,1,0,0
1001,20,0,0,1,0,0
1001,20,1000,0,1,0,0
1001,20,1,0,1,0,0
1001,20,1001,0,0,0,1
1001,20,999,0,1,0,0
1001,18,0,1,0,0,0
1001,18,1000,1,0,0,0
1001,18,1,1,0,0,0
1001,18,1001,1,0,0,0
1001,18,999,1,0,0,0
999,19,0,0,1,0,0
999,19,1000,0,0,0,1
999,19,1,0,1,0,0
999,19,1001,0,0,0,1
999,19,999,0,0,0,1
999,20,0,0,1,0,0
999,20,1000,0,0,0,1
999,20,1,0,1,0,0
999,20,1001,0,0,0,1
999,20,999,0,0,0,1
999,18,0,1,0,0,0
999,18,1000,1,0,0,0
999,18,1,1,0,0,0
999,18,1001,1,0,0,0
999,18,999,1,0,0,0
922,12,327,1,0,0,0
563,5,141,1,0,0,0
666,9,165,1,0,0,0
707,14,139,1,0,0,0
907,5,223,1,0,0,0
197,14,499,1,0,0,0
610,8,809,1,0,0,0
644,16,75,1,0,0,0
636,5,68,1,0,0,0
692,16,376,1,0,0,0
187,16,649,1,0,0,0
915,6,254,1,0,0,0
377,12,829,1,0,0,0
357,2,129,1,0,0,0
215,14,830,1,0,0,0
467,2,373,1,0,0,0
286,12,281,1,0,0,0
557,17,7,1,0,0,0
679,12,182,1,0,0,0
882,11,790,1,0,0,0
183,4,453,1,0,0,0
631,15,244,1,0,0,0
666,0,516,1,0,0,0
51,0,877,1,0,0,0
555,8,496,1,0,0,0
501,2,221,1,0,0,0
486,5,756,1,0,0,0
719,0,761,1,0,0,0
376,4,810,1,0,0,0
68,17,929,1,0,0,0
784,12,264,1,0,0,0
693,6,334,1,0,0,0
880,12,775,1,0,0,0
503,3,990,1,0,0,0
126,6,225,1,0,0,0
963,0,750,1,0,0,0
233,6,586,1,0,0,0
392,15,855,1,0,0,0
429,6,155,1,0,0,0
501,17,840,1,0,0,0
986,5,50,1,0,0,0
260,11,686,1,0,0,0
452,12,574,1,0,0,0
127,10,342,1,0,0,0
58,9,468,1,0,0,0
536,12,764,1,0,0,0
236,14,13,1,0,0,0
365,8,366,1,0,0,0
760,17,524,1,0,0,0
15,3,42,1,0,0,0
948,15,637,1,0,0,0
399,9,372,1,0,0,0
56,7,164,1,0,0,0
51,17,216,1,0,0,0
748,5,94,1,0,0,0
639,17,257,1,0,0,0
424,10,272,1,0,0,0
820,14,364,1,0,0,0
221,1,324,1,0,0,0
975,15,182,1,0,0,0
145,6,138,1,0,0,0
370,0,498,1,0,0,0
185,8,415,1,0,0,0
903,9,832,1,0,0,0
664,3,859,1,0,0,0
616,7,589,1,0,0,0
58,11,111,1,0,0,0
198,12,228,1,0,0,0
145,11,804,1,0,0,0
766,13,336,1,0,0,0
108,4,700,1,0,0,0
944,2,275,1,0,0,0
591,10,877,1,0,0,0
298,3,111,1,0,0,0
315,12,251,1,0,0,0
455,12,903,1,0,0,0
81,8,633,1,0,0,0
842,17,418,1,0,0,0
4,3,192,1,0,0,0
272,3,24,1,0,0,0
889,2,571,1,0,0,0
409,4,111,1,0,0,0
513,7,594,1,0,0,0
291,16,274,1,0,0,0
99,10,62,1,0,0,0
774,15,630,1,0,0,0
298,16,299,1,0,0,0
882,0,241,1,0,0,0
409,12,408,1,0,0,0
471,4,836,1,0,0,0
432,10,583,1,0,0,0
739,15,976,1,0,0,0
626,4,242,1,0,0,0
925,4,82,1,0,0,0
880,16,810,1,0,0,0
456,8,534,1,0,0,0
190,11,425,1,0,0,0
42,13,973,1,0,0,0
187,17,376,1,0,0,0
222,8,996,1,0,0,0
60,19,18,0,1,0,0
60,19,60,0,0,0,1
60,19,1000,0,0,0,1
60,19,19,0,1,0,0
60,19,17,0,1,0,0
60,19,61,0,0,0,1
60,19,59,0,1,0,0
60,19,1001,0,0,0,1
60,19,999,0,0,0,1
60,100,18,0,1,0,0
60,100,60,0,0,0,1
60,100,1000,0,0,0,1
60,100,19,0,1,0,0
60,100,17,0,1,0,0
60,100,61,0,0,0,1
60,100,59,0,1,0,0
60,100,1001,0,0,0,1
60,100,999,0,0,0,1
60,20,18,0,1,0,0
60,20,60,0,0,0,1
60,20,1000,0,0,0,1
60,20,19,0,1,0,0
60,20,17,0,1,0,0
60,20,61,0,0,0,1
60,20,59,0,1,0,0
60,20,1001,0,0,0,1
60,20,999,0,0,0,1
60,18,18,1,0,0,0
60,18,60,1,0,0,0
60,18,1000,1,0,0,0
60,18,19,1,0,0,0
60,18,17,1,0,0,0
60,18,61,1,0,0,0
60,18,59,1,0,0,0
60,18,1001,1,0,0,0
60,18,999,1,0,0,0
60,101,18,0,1,0,0
60,101,60,0,0,0,1
60,101,1000,0,0,0,1
60,101,19,0,1,0,0
60,101,17,0,1,0,0
60,101,61,0,0,0,1
60,101,59,0,1,0,0
60,101,1001,0,0,0,1
60,101,999,0,0,0,1
60,99,18,0,1,0,0
60,99,60,0,0,0,1
60,99,1000,0,0,0,1
60,99,19,0,1,0,0
60,99,17,0,1,0,0
60,99,61,0,0,0,1
60,99,59,0,1,0,0
60,99,1001,0,0,0,1
60,99,999,0,0,0,1
1000,19,18,0,1,0,0
1000,19,60,0,1,0,0
1000,19,1000,0,0,0,1
1000,19,19,0,1,0,0
1000,19,17,0,1,0,0
1000,19,61,0,1,0,0
1000,19,59,0,1,0,0
1000,19,1001,0,0,0,1
1000,19,999,0,1,0,0
1000,100,18,0,1,0,0
1000,100,60,0,1,0,0
1000,100,1000,0,0,0,1
1000,100,19,0,1,0,0
1000,100,17,0,1,0,0
1000,100,61,0,1,0,0
1000,100,59,0,1,0,0
1000,100,1001,0,0,0,1
1000,100,999,0,1,0,0
1000,20,18,0,1,0,0
1000,20,60,0,1,0,0
1000,20,1000,0,0,0,1
1000,20,19,0,1,0,0
1000,20,17,0,1,0,0
1000,20,61,0,1,0,0
1000,20,59,0,1,0,0
1000,20,1001,0,0,0,1
1000,20,999,0,1,0,0
1000,18,18,1,0,0,0
1000,18,60,1,0,0,0
1000,18,1000,1,0,0,0
1000,18,19,1,0,0,0
1000,18,17,1,0,0,0
1000,18,61,1,0,0,0
1000,18,59,1,0,0,0
1000,18,1001,1,0,0,0
1000,18,999,1,0,0,0
1000,101,18,0,1,0,0
1000,101,60,0,1,0,0
1000,101,1000,0,0,1,0
1000,101,19,0,1,0,0
1000,101,17,0,1,0,0
1000,101,61,0,0,1,0
1000,101,59,0,1,0,0
1000,101,1001,0,0,1,0
1000,101,999,0,0,1,0
1000,99,18,0,1,0,0
1000,99,60,0,1,0,0
1000,99,1000,0,0,0,1
1000,99,19,0,1,0,0
1000,99,17,0,1,0,0
1000,99,61,0,1,0,0
1000,99,59,0,1,0,0
1000,99,1001,0,0,0,1
1000,99,999,0,1,0,0
61,19,18,0,1,0,0
61,19,60,0,1,0,0
61,19,1000,0,0,0,1
61,19,19,0,1,0,0
61,19,17,0,1,0,0
61,19,61,0,0,0,1
61,19,59,0,1,0,0
61,19,1001,0,0,0,1
61,19,999,0,0,0,1
61,100,18,0,1,0,0
61,100,60,0,1,0,0
61,100,1000,0,0,0,1
61,100,19,0,1,0,0
61,100,17,0,1,0,0
61,100,61,0,0,0,1
61,100,59,0,1,0,0
61,100,1001,0,0,0,1
61,100,999,0,0,0,1
61,20,18,0,1,0,0
61,20,60,0,1,0,0
61,20,1000,0,0,0,1
61,20,19,0,1,0,0
61,20,17,0,1,0,0
61,20,61,0,0,0,1
61,20,59,0,1,0,0
61,20,1001,0,0,0,1
61,20,999,0,0,0,1
61,18,18,1,0,0,0
61,18,60,1,0,0,0
61,18,1000,1,0,0,0
61,18,19,1,0,0,0
61,18,17,1,0,0,0
61,18,61,1,0,0,0
61,18,59,1,0,0,0
61,18,1001,1,0,0,0
61,18,999,1,0,0,0
61,101,18,0,1,0,0
61,101,60,0,1,0,0
61,101,1000,0,0,1,0
61,101,19,0,1,0,0
61,101,17,0,1,0,0
61,101,61,0,0,1,0
61,101,59,0,1,0,0
61,101,1001,0,0,1,0
61,101,999,0,0,1,0
61,99,18,0,1,0,0
61,99,60,0,1,0,0
61,99,1000,0,0,0,1
61,99,19,0,1,0,0
61,99,17,0,1,0,0
61,99,61,0,0,0,1
61,99,59,0,1,0,0
61,99,1001,0,0,0,1
61,99,999,0,0,0,1
59,19,18,0,1,0,0
59,19,60,0,0,0,1
59,19,1000,0,0,0,1
59,19,19,0,1,0,0
59,19,17,0,1,0,0
59,19,61,0,0,0,1
59,19,59,0,0,0,1
59,19,1001,0,0,0,1
59,19,999,0,0,0,1
59,100,18,0,1,0,0
59,100,60,0,0,0,1
59,100,1000,0,0,0,1
59,100,19,0,1,0,0
59,100,17,0,1,0,0
59,100,61,0,0,0,1
59,100,59,0,0,0,1
59,100,1001,0,0,0,1
59,100,999,0,0,0,1
59,20,18,0,1,0,0
59,20,60,0,0,0,1
59,20,1000,0,0,0,1
59,20,19,0,1,0,0
59,20,17,0,1,0,0
59,20,61,0,0,0,1
59,20,59,0,0,0,1
59,20,1001,0,0,0,1
59,20,999,0,0,0,1
59,18,18,1,0,0,0
59,18,60,1,0,0,0
59,18,1000,1,0,0,0
59,18,19,1,0,0,0
59,18,17,1,0,0,0
59,18,61,1,0,0,0
59,18,59,1,0,0,0
59,18,1001,1,0,0,0
59,18,999,1,0,0,0
59,101,18,0,1,0,0
59,101,60,0,0,0,1
59,101,1000,0,0,0,1
59,101,19,0,1,0,0
59,101,17,0,1,0,0
59,101,61,0,0,0,1
59,101,59,0,0,0,1
59,101,1001,0,0,0,1
59,101,999,0,0,0,1
59,99,18,0,1,0,0
59,99,60,0,0,0,1
59,99,1000,0,0,0,1
59,99,19,0,1,0,0
59,99,17,0,1,0,0
59,99,61,0,0,0,1
59,99,59,0,0,0,1
59,99,1001,0,0,0,1
59,99,999,0,0,0,1
1001,19,18,0,1,0,0
1001,19,60,0,1,0,0
1001,19,1000,0,1,0,0
1001,19,19,0,1,0,0
1001,19,17,0,1,0,0
1001,19,61,0,1,0,0
1001,19,59,0,1,0,0
1001,19,1001,0,0,0,1
1001,19,999,0,1,0,0
1001,100,18,0,1,0,0
1001,100,60,0,1,0,0
1001,100,1000,0,1,0,0
1001,100,19,0,1,0,0
1001,100,17,0,1,0,0
1001,100,61,0,1,0,0
1001,100,59,0,1,0,0
1001,100,1001,0,0,0,1
1001,100,999,0,1,0,0
1001,20,18,0,1,0,0
1001,20,60,0,1,0,0
1001,20,1000,0,1,0,0
1001,20,19,0,1,0,0
1001,20,17,0,1,0,0
1001,20,61,0,1,0,0
1001,20,59,0,1,0,0
1001,20,1001,0,0,0,1
1001,20,999,0,1,0,0
1001,18,18,1,0,0,0
1001,18,60,1,0,0,0
1001,18,1000,1,0,0,0
1001,18,19,1,0,0,0
1001,18,17,1,0,0,0
1001,18,61,1,0,0,0
1001,18,59,1,0,0,0
1001,18,1001,1,0,0,0
1001,18,999,1,0,0,0
1001,101,18,0,1,0,0
1001,101,60,0,1,0,0
1001,101,1000,0,0,1,0
1001,101,19,0,1,0,0
1001,101,17,0,1,0,0
1001,101,61,0,0,1,0
1001,101,59,0,1,0,0
1001,101,1001,0,0,1,0
1001,101,999,0,0,1,0
1001,99,18,0,1,0,0
1001,99,60,0,1,0,0
1001,99,1000,0,1,0,0
1001,99,19,0,1,0,0
1001,99,17,0,1,0,0
1001,99,61,0,1,0,0
1001,99,59,0,1,0,0
1001,99,1001,0,0,0,1
1001,99,999,0,1,0,0
999,19,18,0,1,0,0
999,19,60,0,1,0,0
999,19,1000,0,0,0,1
999,19,19,0,1,0,0
999,19,17,0,1,0,0
999,19,61,0,1,0,0
999,19,59,0,1,0,0
999,19,1001,0,0,0,1
999,19,999,0,0,0,1
999,100,18,0,1,0,0
999,100,60,0,1,0,0
999,100,1000,0,0,0,1
999,100,19,0,1,0,0
999,100,17,0,1,0,0
999,100,61,0,1,0,0
999,100,59,0,1,0,0
999,100,1001,0,0,0,1
999,100,999,0,0,0,1
999,20,18,0,1,0,0
999,20,60,0,1,0,0
999,20,1000,0,0,0,1
999,20,19,0,1,0,0
999,20,17,0,1,0,0
999,20,61,0,1,0,0
999,20,59,0,1,0,0
999,20,1001,0,0,0,1
999,20,999,0,0,0,1
999,18,18,1,0,0,0
999,18,60,1,0,0,0
999,18,1000,1,0,0,0
999,18,19,1,0,0,0
999,18,17,1,0,0,0
999,18,61,1,0,0,0
999,18,59,1,0,0,0
999,18,1001,1,0,0,0
999,18,999,1,0,0,0
999,101,18,0,1,0,0
999,101,60,0,1,0,0
999,101,1000,0,0,1,0
999,101,19,0,1,0,0
999,101,17,0,1,0,0
999,101,61,0,0,1,0
999,101,59,0,1,0,0
999,101,1001,0,0,1,0
999,101,999,0,0,1,0
999,99,18,0,1,0,0
999,99,60,0,1,0,0
999,99,1000,0,0,0,1
999,99,19,0,1,0,0
999,99,17,0,1,0,0
999,99,61,0,1,0,0
999,99,59,0,1,0,0
999,99,1001,0,0,0,1
999,99,999,0,0,0,1
847,74,603,0,1,0,0
851,69,205,0,1,0,0
146,73,389,0,0,0,1
227,74,803,0,0,0,1
545,41,465,0,1,0,0
732,52,784,0,0,0,1
487,46,477,0,1,0,0
311,41,603,0,0,0,1
384,53,240,0,1,0,0
812,57,581,0,1,0,0
892,85,917,0,0,0,1
421,42,316,0,1,0,0
255,49,788,0,0,0,1
681,65,345,0,1,0,0
723,36,562,0,1,0,0
206,51,751,0,0,0,1
768,66,847,0,0,0,1
588,28,745,0,0,0,1
555,42,109,0,1,0,0
651,25,291,0,1,0,0
293,62,171,0,1,0,0
983,31,909,0,1,0,0
321,92,491,0,0,0,1
301,51,148,0,1,0,0
888,36,394,0,1,0,0
469,36,427,0,1,0,0
86,85,293,0,0,0,1
102,29,495,0,0,0,1
503,21,401,0,1,0,0
424,32,908,0,0,0,1
752,48,255,0,1,0,0
726,70,718,0,1,0,0
523,70,532,0,0,0,1
540,54,905,0,0,0,1
617,21,115,0,1,0,0
815,42,630,0,1,0,0
743,25,394,0,1,0,0
232,71,748,0,0,0,1
862,58,453,0,1,0,0
584,51,151,0,1,0,0
392,63,526,0,0,0,1
910,31,486,0,1,0,0
112,99,208,0,0,0,1
886,82,85,0,1,0,0
180,66,391,0,0,0,1
703,45,411,0,1,0,0
475,72,802,0,0,0,1
857,45,380,0,1,0,0
994,77,998,0,0,0,1
772,96,774,0,0,0,1
708,69,377,0,1,0,0
401,38,492,0,0,0,1
918,51,541,0,1,0,0
910,85,734,0,1,0,0
643,25,56,0,1,0,0
375,47,915,0,0,0,1
312,28,707,0,0,0,1
475,87,910,0,0,0,1
479,83,671,0,0,0,1
613,82,19,0,1,0,0
753,98,210,0,1,0,0
200,52,34,0,1,0,0
491,69,35,0,1,0,0
354,37,132,0,1,0,0
746,55,639,0,1,0,0
346,95,632,0,0,0,1
503,70,243,0,1,0,0
967,85,87,0,1,0,0
77,58,519,0,0,0,1
372,70,619,0,0,0,1
912,48,478,0,1,0,0
149,68,991,0,0,0,1
421,35,642,0,0,0,1
318,31,284,0,1,0,0
456,25,140,0,1,0,0
675,38,387,0,1,0,0
322,48,85,0,1,0,0
563,81,448,0,1,0,0
239,27,788,0,0,0,1
411,63,465,0,0,0,1
359,38,515,0,0,0,1
431,49,98,0,1,0,0
346,44,168,0,1,0,0
177,34,517,0,0,0,1
158,25,710,0,0,0,1
82,38,399,0,0,0,1
315,82,173,0,1,0,0
94,61,232,0,0,0,1
837,40,770,0,1,0,0
824,58,23,0,1,0,0
789,33,879,0,0,0,1
861,81,117,0,1,0,0
869,36,54,0,1,0,0
178,92,939,0,0,0,1
739,70,808,0,0,0,1
881,95,106,0,1,0,0
654,40,287,0,1,0,0
884,78,602,0,1,0,0
576,83,311,0,1,0,0
908,45,792,0,1,0,0
203,33,899,0,0,0,1
909,88,258,0,1,0,0
662,68,406,0,1,0,0
239,35,829,0,0,0,1
626,47,761,0,0,0,1
632,35,950,0,0,0,1
674,59,152,0,1,0,0
567,26,650,0,0,0,1
578,47,772,0,0,0,1
64,57,831,0,0,0,1
541,37,537,0,1,0,0
576,75,651,0,0,0,1
167,34,328,0,0,0,1
675,59,185,0,1,0,0
915,34,353,0,1,0,0
816,61,531,0,1,0,0
868,88,173,0,1,0,0
853,73,72,0,1,0,0
592,58,253,0,1,0,0
366,72,246,0,1,0,0
471,56,258,0,1,0,0
672,71,892,0,0,0,1
745,30,253,0,1,0,0
750,75,797,0,0,0,1
592,81,45,0,1,0,0
330,41,956,0,0,0,1
103,39,199,0,0,0,1
546,91,675,0,0,0,1
987,76,336,0,1,0,0
218,89,813,0,0,0,1
134,45,173,0,0,0,1
811,77,589,0,1,0,0
525,97,927,0,0,0,1
806,79,981,0,0,0,1
588,33,625,0,0,0,1
265,89,541,0,0,0,1
611,64,264,0,1,0,0
804,77,789,0,1,0,0
635,93,145,0,1,0,0
630,46,971,0,0,0,1
86,78,430,0,0,0,1
654,99,839,0,0,0,1
862,96,579,0,1,0,0
220,19,480,0,0,0,1
474,43,42,0,1,0,0
833,75,700,0,1,0,0
850,94,441,0,1,0,0
280,53,206,0,1,0,0
127,28,829,0,0,0,1
743,92,888,0,0,0,1
407,78,127,0,1,0,0
758,34,418,0,1,0,0
257,49,431,0,0,0,1
873,84,949,0,0,0,1
744,64,231,0,1,0,0
358,58,180,0,1,0,0
68,61,449,0,0,0,1
117,39,670,0,0,0,1
697,77,794,0,0,0,1
746,30,58,0,1,0,0
232,56,576,0,0,0,1
542,25,355,0,1,0,0
743,76,107,0,1,0,0
685,66,800,0,0,0,1
806,42,558,0,1,0,0
291,49,482,0,0,0,1
901,91,247,0,1,0,0
866,21,76,0,1,0,0
546,89,270,0,1,0,0
329,93,689,0,0,0,1
521,57,146,0,1,0,0
330,86,439,0,0,0,1
568,19,258,0,1,0,0
216,57,374,0,0,0,1
246,65,105,0,1,0,0
610,88,513,0,1,0,0
845,76,752,0,1,0,0
409,93,484,0,0,0,1
444,68,677,0,0,0,1
114,80,753,0,0,0,1
203,97,42,0,1,0,0
884,58,993,0,0,0,1
820,80,360,0,1,0,0
873,30,38,0,1,0,0
133,71,469,0,0,0,1
507,50,822,0,0,0,1
775,48,486,0,1,0,0
475,97,986,0,0,0,1
945,94,124,0,1,0,0
613,47,368,0,1,0,0
101,94,304,0,0,0,1
904,38,911,0,0,0,1
361,88,951,0,0,0,1
162,64,526,0,0,0,1
882,59,744,0,1,0,0
448,26,825,0,0,0,1
729,22,615,0,1,0,0
570,42,722,0,0,0,1
672,26,110,0,1,0,0
808,24,454,0,1,0,0
60,100,60,0,0,0,1
60,100,1000,0,0,0,1
60,100,61,0,0,0,1
60,100,59,0,1,0,0
60,100,1001,0,0,0,1
60,100,999,0,0,0,1
60,1000,60,0,0,0,1
60,1000,1000,0,0,0,1
60,1000,61,0,0,0,1
60,1000,59,0,1,0,0
60,1000,1001,0,0,0,1
60,1000,999,0,0,0,1
60,101,60,0,0,0,1
60,101,1000,0,0,0,1
60,101,61,0,0,0,1
60,101,59,0,1,0,0
60,101,1001,0,0,0,1
60,101,999,0,0,0,1
60,99,60,0,0,0,1
60,99,1000,0,0,0,1
60,99,61,0,0,0,1
60,99,59,0,1,0,0
60,99,1001,0,0,0,1
60,99,999,0,0,0,1
60,1001,60,0,0,0,1
60,1001,1000,0,0,0,1
60,1001,61,0,0,0,1
60,1001,59,0,1,0,0
60,1001,1001,0,0,0,1
60,1001,999,0,0,0,1
60,999,60,0,0,0,1
60,999,1000,0,0,0,1
60,999,61,0,0,0,1
60,999,59,0,1,0,0
60,999,1001,0,0,0,1
60,999,999,0,0,0,1
1000,100,60,0,1,0,0
1000,100,1000,0,0,0,1
1000,100,61,0,1,0,0
1000,100,59,0,1,0,0
1000,100,1001,0,0,0,1
1000,100,999,0,1,0,0
1000,1000,60,0,1,0,0
1000,1000,1000,0,0,1,0
1000,1000,61,0,0,1,0
1000,1000,59,0,1,0,0
1000,1000,1001,0,0,1,0
1000,1000,999,0,0,1,0
1000,101,60,0,1,0,0
1000,101,1000,0,0,1,0
1000,101,61,0,0,1,0
1000,101,59,0,1,0,0
1000,101,1001,0,0,1,0
1000,101,999,0,0,1,0
1000,99,60,0,1,0,0
1000,99,1000,0,0,0,1
1000,99,61,0,1,0,0
1000,99,59,0,1,0,0
1000,99,1001,0,0,0,1
1000,99,999,0,1,0,0
1000,1001,60,0,1,0,0
1000,1001,1000,0,0,1,0
1000,1001,61,0,0,1,0
1000,1001,59,0,1,0,0
1000,1001,1001,0,0,1,0
1000,1001,999,0,0,1,0
1000,999,60,0,1,0,0
1000,999,1000,0,0,1,0
1000,999,61,0,0,1,0
1000,999,59,0,1,0,0
1000,999,1001,0,0,1,0
1000,999,999,0,0,1,0
61,100,60,0,1,0,0
61,100,1000,0,0,0,1
61,100,61,0,0,0,1
61,100,59,0,1,0,0
61,100,1001,0,0,0,1
61,100,999,0,0,0,1
61,1000,60,0,1,0,0
61,1000,1000,0,0,1,0
61,1000,61,0,0,1,0
61,1000,59,0,1,0,0
61,1000,1001,0,0,1,0
61,1000,999,0,0,1,0
61,101,60,0,1,0,0
61,101,1000,0,0,1,0
61,101,61,0,0,1,0
61,101,59,0,1,0,0
61,101,1001,0,0,1,0
61,101,999,0,0,1,0
61,99,60,0,1,0,0
61,99,1000,0,0,0,1
61,99,61,0,0,0,1
61,99,59,0,1,0,0
61,99,1001,0,0,0,1
61,99,999,0,0,0,1
61,1001,60,0,1,0,0
61,1001,1000,0,0,1,0
61,1001,61,0,0,1,0
61,1001,59,0,1,0,0
61,1001,1001,0,0,1,0
61,1001,999,0,0,1,0
61,999,60,0,1,0,0
61,999,1000,0,0,1,0
61,999,61,0,0,1,0
61,999,59,0,1,0,0
61,999,1001,0,0,1,0
61,999,999,0,0,1,0
59,100,60,0,0,0,1
59,100,1000,0,0,0,1
59,100,61,0,0,0,1
59,100,59,0,0,0,1
59,100,1001,0,0,0,1
59,100,999,0,0,0,1
59,1000,60,0,0,0,1
59,1000,1000,0,0,0,1
59,1000,61,0,0,0,1
59,1000,59,0,0,0,1
59,1000,1001,0,0,0,1
59,1000,999,0,0,0,1
59,101,60,0,0,0,1
59,101,1000,0,0,0,1
59,101,61,0,0,0,1
59,101,59,0,0,0,1
59,101,1001,0,0,0,1
59,101,999,0,0,0,1
59,99,60,0,0,0,1
59,99,1000,0,0,0,1
59,99,61,0,0,0,1
59,99,59,0,0,0,1
59,99,1001,0,0,0,1
59,99,999,0,0,0,1
59,1001,60,0,0,0,1
59,1001,1000,0,0,0,1
59,1001,61,0,0,0,1
59,1001,59,0,0,0,1
59,1001,1001,0,0,0,1
59,1001,999,0,0,0,1
59,999,60,0,0,0,1
59,999,1000,0,0,0,1
59,999,61,0,0,0,1
59,999,59,0,0,0,1
59,999,1001,0,0,0,1
59,999,999,0,0,0,1
1001,100,60,0,1,0,0
1001,100,1000,0,1,0,0
1001,100,61,0,1,0,0
1001,100,59,0,1,0,0
1001,100,1001,0,0,0,1
1001,100,999,0,1,0,0
1001,1000,60,0,1,0,0
1001,1000,1000,0,0,1,0
1001,1000,61,0,0,1,0
1001,1000,59,0,1,0,0
1001,1000,1001,0,0,1,0
1001,1000,999,0,0,1,0
1001,101,60,0,1,0,0
1001,101,1000,0,0,1,0
1001,101,61,0,0,1,0
1001,101,59,0,1,0,0
1001,101,1001,0,0,1,0
1001,101,999,0,0,1,0
1001,99,60,0,1,0,0
1001,99,1000,0,1,0,0
1001,99,61,0,1,0,0
1001,99,59,0,1,0,0
1001,99,1001,0,0,0,1
1001,99,999,0,1,0,0
1001,1001,60,0,1,0,0
1001,1001,1000,0,0,1,0
1001,1001,61,0,0,1,0
1001,1001,59,0,1,0,0
1001,1001,1001,0,0,1,0
1001,1001,999,0,0,1,0
1001,999,60,0,1,0,0
1001,999,1000,0,0,1,0
1001,999,61,0,0,1,0
1001,999,59,0,1,0,0
1001,999,1001,0,0,1,0
1001,999,999,0,0,1,0
999,100,60,0,1,0,0
999,100,1000,0,0,0,1
999,100,61,0,1,0,0
999,100,59,0,1,0,0
999,100,1001,0,0,0,1
999,100,999,0,0,0,1
999,1000,60,0,1,0,0
999,1000,1000,0,0,1,0
999,1000,61,0,0,1,0
999,1000,59,0,1,0,0
999,1000,1001,0,0,1,0
999,1000,999,0,0,1,0
999,101,60,0,1,0,0
999,101,1000,0,0,1,0
999,101,61,0,0,1,0
999,101,59,0,1,0,0
999,101,1001,0,0,1,0
999,101,999,0,0,1,0
999,99,60,0,1,0,0
999,99,1000,0,0,0,1
999,99,61,0,1,0,0
999,99,59,0,1,0,0
999,99,1001,0,0,0,1
999,99,999,0,0,0,1
999,1001,60,0,1,0,0
999,1001,1000,0,0,1,0
999,1001,61,0,0,1,0
999,1001,59,0,1,0,0
999,1001,1001,0,0,1,0
999,1001,999,0,0,1,0
999,999,60,0,1,0,0
999,999,1000,0,0,1,0
999,999,61,0,0,1,0
999,999,59,0,1,0,0
999,999,1001,0,0,1,0
999,999,999,0,0,1,0
248,772,925,0,0,1,0
605,504,836,0,0,1,0
165,803,540,0,0,1,0
355,964,712,0,0,1,0
806,773,490,0,0,1,0
435,655,344,0,0,1,0
879,931,153,0,0,1,0
467,375,174,0,0,1,0
566,482,310,0,0,1,0
862,510,505,0,0,1,0
475,511,732,0,0,1,0
197,888,723,0,0,1,0
732,585,941,0,0,1,0
512,978,638,0,0,1,0
676,930,845,0,0,1,0
831,624,565,0,0,1,0
797,927,139,0,0,1,0
886,332,74,0,0,1,0
636,352,389,0,0,1,0
284,766,658,0,0,1,0
339,482,854,0,0,1,0
138,642,920,0,0,1,0
569,925,113,0,0,1,0
705,355,404,0,0,1,0
332,825,363,0,0,1,0
643,919,695,0,0,1,0
953,921,951,0,0,1,0
854,637,184,0,0,1,0
543,178,408,0,0,1,0
403,832,310,0,0,1,0
682,467,161,0,0,1,0
628,512,103,0,0,1,0
504,982,834,0,0,1,0
832,253,119,0,0,1,0
421,712,616,0,0,1,0
555,517,766,0,0,1,0
379,793,489,0,0,1,0
176,204,497,0,0,1,0
867,478,523,0,0,1,0
324,372,453,0,0,1,0
655,951,323,0,0,1,0
229,540,395,0,0,1,0
78,942,110,0,0,1,0
896,988,487,0,0,1,0
761,357,748,0,0,1,0
870,996,389,0,0,1,0
436,825,950,0,0,1,0
879,593,480,0,0,1,0
444,257,636,0,0,1,0
635,934,678,0,0,1,0
399,440,467,0,0,1,0
270,741,756,0,0,1,0
335,605,810,0,0,1,0
492,540,756,0,0,1,0
233,210,628,0,0,1,0
607,127,735,0,0,1,0
165,413,433,0,0,1,0
725,621,542,0,0,1,0
848,737,998,0,0,1,0
249,315,352,0,0,1,0
545,395,750,0,0,1,0
962,488,847,0,0,1,0
153,306,711,0,0,1,0
219,435,793,0,0,1,0
243,483,610,0,0,1,0
908,290,596,0,0,1,0
810,614,767,0,0,1,0
219,687,191,0,0,1,0
518,448,313,0,0,1,0
372,749,557,0,0,1,0
852,931,380,0,0,1,0
364,847,156,0,0,1,0
758,104,198,0,0,1,0
747,300,549,0,0,1,0
548,788,487,0,0,1,0
686,692,573,0,0,1,0
429,106,144,0,0,1,0
593,394,771,0,0,1,0
549,948,903,0,0,1,0
98,772,216,0,0,1,0
930,580,614,0,0,1,0
126,349,811,0,0,1,0
130,619,529,0,0,1,0
778,196,581,0,0,1,0
979,864,387,0,0,1,0
210,646,410,0,0,1,0
438,942,489,0,0,1,0
117,508,371,0,0,1,0
471,294,125,0,0,1,0
116,245,384,0,0,1,0
940,366,313,0,0,1,0
526,630,348,0,0,1,0
276,916,876,0,0,1,0
776,703,986,0,0,1,0
493,681,662,0,0,1,0
915,147,213,0,0,1,0
751,275,112,0,0,1,0
731,593,225,0,0,1,0
336,906,270,0,0,1,0
875,907,488,0,0,1,0
0,100,60,0,0,0,1
0,100,1000,0,0,0,1
0,100,61,0,0,0,1
0,100,59,0,0,0,1
0,100,1001,0,0,0,1
0,100,999,0,0,0,1
0,1000,60,0,0,0,1
0,1000,1000,0,0,0,1
0,1000,61,0,0,0,1
0,1000,59,0,0,0,1
0,1000,1001,0,0,0,1
0,1000,999,0,0,0,1
0,101,60,0,0,0,1
0,101,1000,0,0,0,1
0,101,61,0,0,0,1
0,101,59,0,0,0,1
0,101,1001,0,0,0,1
0,101,999,0,0,0,1
0,99,60,0,0,0,1
0,99,1000,0,0,0,1
0,99,61,0,0,0,1
0,99,59,0,0,0,1
0,99,1001,0,0,0,1
0,99,999,0,0,0,1
0,1001,60,0,0,0,1
0,1001,1000,0,0,0,1
0,1001,61,0,0,0,1
0,1001,59,0,0,0,1
0,1001,1001,0,0,0,1
0,1001,999,0,0,0,1
0,999,60,0,0,0,1
0,999,1000,0,0,0,1
0,999,61,0,0,0,1
0,999,59,0,0,0,1
0,999,1001,0,0,0,1
0,999,999,0,0,0,1
18,100,60,0,0,0,1
18,100,1000,0,0,0,1
18,100,61,0,0,0,1
18,100,59,0,0,0,1
18,100,1001,0,0,0,1
18,100,999,0,0,0,1
18,1000,60,0,0,0,1
18,1000,1000,0,0,0,1
18,1000,61,0,0,0,1
18,1000,59,0,0,0,1
18,1000,1001,0,0,0,1
18,1000,999,0,0,0,1
18,101,60,0,0,0,1
18,101,1000,0,0,0,1
18,101,61,0,0,0,1
18,101,59,0,0,0,1
18,101,1001,0,0,0,1
18,101,999,0,0,0,1
18,99,60,0,0,0,1
18,99,1000,0,0,0,1
18,99,61,0,0,0,1
18,99,59,0,0,0,1
18,99,1001,0,0,0,1
18,99,999,0,0,0,1
18,1001,60,0,0,0,1
18,1001,1000,0,0,0,1
18,1001,61,0,0,0,1
18,1001,59,0,0,0,1
18,1001,1001,0,0,0,1
18,1001,999,0,0,0,1
18,999,60,0,0,0,1
18,999,1000,0,0,0,1
18,999,61,0,0,0,1
18,999,59,0,0,0,1
18,999,1001,0,0,0,1
18,999,999,0,0,0,1
60,100,60,0,0,0,1
60,100,1000,0,0,0,1
60,100,61,0,0,0,1
60,100,59,0,1,0,0
60,100,1001,0,0,0,1
60,100,999,0,0,0,1
60,1000,60,0,0,0,1
60,1000,1000,0,0,0,1
60,1000,61,0,0,0,1
60,1000,59,0,1,0,0
60,1000,1001,0,0,0,1
60,1000,999,0,0,0,1
60,101,60,0,0,0,1
60,101,1000,0,0,0,1
60,101,61,0,0,0,1
60,101,59,0,1,0,0
60,101,1001,0,0,0,1
60,101,999,0,0,0,1
60,99,60,0,0,0,1
60,99,1000,0,0,0,1
60,99,61,0,0,0,1
60,99,59,0,1,0,0
60,99,1001,0,0,0,1
60,99,999,0,0,0,1
60,1001,60,0,0,0,1
60,1001,1000,0,0,0,1
60,1001,61,0,0,0,1
60,1001,59,0,1,0,0
60,1001,1001,0,0,0,1
60,1001,999,0,0,0,1
60,999,60,0,0,0,1
60,999,1000,0,0,0,1
60,999,61,0,0,0,1
60,999,59,0,1,0,0
60,999,1001,0,0,0,1
60,999,999,0,0,0,1
1,100,60,0,0,0,1
1,100,1000,0,0,0,1
1,100,61,0,0,0,1
1,100,59,0,0,0,1
1,100,1001,0,0,0,1
1,100,999,0,0,0,1
1,1000,60,0,0,0,1
1,1000,1000,0,0,0,1
1,1000,61,0,0,0,1
1,1000,59,0,0,0,1
1,1000,1001,0,0,0,1
1,1000,999,0,0,0,1
1,101,60,0,0,0,1
1,101,1000,0,0,0,1
1,101,61,0,0,0,1
1,101,59,0,0,0,1
1,101,1001,0,0,0,1
1,101,999,0,0,0,1
1,99,60,0,0,0,1
1,99,1000,0,0,0,1
1,99,61,0,0,0,1
1,99,59,0,0,0,1
1,99,1001,0,0,0,1
1,99,999,0,0,0,1
1,1001,60,0,0,0,1
1,1001,1000,0,0,0,1
1,1001,61,0,0,0,1
1,1001,59,0,0,0,1
1,1001,1001,0,0,0,1
1,1001,999,0,0,0,1
1,999,60,0,0,0,1
1,999,1000,0,0,0,1
1,999,61,0,0,0,1
1,999,59,0,0,0,1
1,999,1001,0,0,0,1
1,999,999,0,0,0,1
19,100,60,0,0,0,1
19,100,1000,0,0,0,1
19,100,61,0,0,0,1
19,100,59,0,0,0,1
19,100,1001,0,0,0,1
19,100,999,0,0,0,1
19,1000,60,0,0,0,1
19,1000,1000,0,0,0,1
19,1000,61,0,0,0,1
19,1000,59,0,0,0,1
19,1000,1001,0,0,0,1
19,1000,999,0,0,0,1
19,101,60,0,0,0,1
19,101,1000,0,0,0,1
19,101,61,0,0,0,1
19,101,59,0,0,0,1
19,101,1001,0,0,0,1
19,101,999,0,0,0,1
19,99,60,0,0,0,1
19,99,1000,0,0,0,1
19,99,61,0,0,0,1
19,99,59,0,0,0,1
19,99,1001,0,0,0,1
19,99,999,0,0,0,1
19,1001,60,0,0,0,1
19,1001,1000,0,0,0,1
19,1001,61,0,0,0,1
19,1001,59,0,0,0,1
19,1001,1001,0,0,0,1
19,1001,999,0,0,0,1
19,999,60,0,0,0,1
19,999,1000,0,0,0,1
19,999,61,0,0,0,1
19,999,59,0,0,0,1
19,999,1001,0,0,0,1
19,999,999,0,0,0,1
17,100,60,0,0,0,1
17,100,1000,0,0,0,1
17,100,61,0,0,0,1
17,100,59,0,0,0,1
17,100,1001,0,0,0,1
17,100,999,0,0,0,1
17,1000,60,0,0,0,1
17,1000,1000,0,0,0,1
17,1000,61,0,0,0,1
17,1000,59,0,0,0,1
17,1000,1001,0,0,0,1
17,1000,999,0,0,0,1
17,101,60,0,0,0,1
17,101,1000,0,0,0,1
17,101,61,0,0,0,1
17,101,59,0,0,0,1
17,101,1001,0,0,0,1
17,101,999,0,0,0,1
17,99,60,0,0,0,1
17,99,1000,0,0,0,1
17,99,61,0,0,0,1
17,99,59,0,0,0,1
17,99,1001,0,0,0,1
17,99,999,0,0,0,1
17,1001,60,0,0,0,1
17,1001,1000,0,0,0,1
17,1001,61,0,0,0,1
17,1001,59,0,0,0,1
17,1001,1001,0,0,0,1
17,1001,999,0,0,0,1
17,999,60,0,0,0,1
17,999,1000,0,0,0,1
17,999,61,0,0,0,1
17,999,59,0,0,0,1
17,999,1001,0,0,0,1
17,999,999,0,0,0,1
61,100,60,0,1,0,0
61,100,1000,0,0,0,1
61,100,61,0,0,0,1
61,100,59,0,1,0,0
61,100,1001,0,0,0,1
61,100,999,0,0,0,1
61,1000,60,0,1,0,0
61,1000,1000,0,0,1,0
61,1000,61,0,0,1,0
61,1000,59,0,1,0,0
61,1000,1001,0,0,1,0
61,1000,999,0,0,1,0
61,101,60,0,1,0,0
61,101,1000,0,0,1,0
61,101,61,0,0,1,0
61,101,59,0,1,0,0
61,101,1001,0,0,1,0
61,101,999,0,0,1,0
61,99,60,0,1,0,0
61,99,1000,0,0,0,1
61,99,61,0,0,0,1
61,99,59,0,1,0,0
61,99,1001,0,0,0,1
61,99,999,0,0,0,1
61,1001,60,0,1,0,0
61,1001,1000,0,0,1,0
61,1001,61,0,0,1,0
61,1001,59,0,1,0,0
61,1001,1001,0,0,1,0
61,1001,999,0,0,1,0
61,999,60,0,1,0,0
61,999,1000,0,0,1,0
61,999,61,0,0,1,0
61,999,59,0,1,0,0
61,999,1001,0,0,1,0
61,999,999,0,0,1,0
59,100,60,0,0,0,1
59,100,1000,0,0,0,1
59,100,61,0,0,0,1
59,100,59,0,0,0,1
59,100,1001,0,0,0,1
59,100,999,0,0,0,1
59,1000,60,0,0,0,1
59,1000,1000,0,0,0,1
59,1000,61,0,0,0,1
59,1000,59,0,0,0,1
59,1000,1001,0,0,0,1
59,1000,999,0,0,0,1
59,101,60,0,0,0,1
59,101,1000,0,0,0,1
59,101,61,0,0,0,1
59,101,59,0,0,0,1
59,101,1001,0,0,0,1
59,101,999,0,0,0,1
59,99,60,0,0,0,1
59,99,1000,0,0,0,1
59,99,61,0,0,0,1
59,99,59,0,0,0,1
59,99,1001,0,0,0,1
59,99,999,0,0,0,1
59,1001,60,0,0,0,1
59,1001,1000,0,0,0,1
59,1001,61,0,0,0,1
59,1001,59,0,0,0,1
59,1001,1001,0,0,0,1
59,1001,999,0,0,0,1
59,999,60,0,0,0,1
59,999,1000,0,0,0,1
59,999,61,0,0,0,1
59,999,59,0,0,0,1
59,999,1001,0,0,0,1
59,999,999,0,0,0,1
52,857,542,0,0,0,1
57,733,723,0,0,0,1
38,927,513,0,0,0,1
48,668,734,0,0,0,1
46,670,943,0,0,0,1
47,378,421,0,0,0,1
25,637,659,0,0,0,1
40,655,893,0,0,0,1
49,209,763,0,0,0,1
28,728,547,0,0,0,1
23,281,618,0,0,0,1
59,749,877,0,0,0,1
31,195,226,0,0,0,1
39,481,589,0,0,0,1
55,488,153,0,0,0,1
52,394,192,0,0,0,1
49,230,741,0,0,0,1
49,688,65,0,0,0,1
18,593,746,0,0,0,1
43,484,865,0,0,0,1
58,325,106,0,0,0,1
39,598,324,0,0,0,1
47,318,170,0,0,0,1
52,239,654,0,0,0,1
37,877,225,0,0,0,1
52,186,219,0,0,0,1
46,876,795,0,0,0,1
28,373,432,0,0,0,1
37,405,968,0,0,0,1
41,858,423,0,0,0,1
56,459,580,0,0,0,1
35,628,267,0,0,0,1
20,526,957,0,0,0,1
28,520,95,0,0,0,1
18,639,125,0,0,0,1
52,394,786,0,0,0,1
29,848,436,0,0,0,1
35,652,948,0,0,0,1
52,673,496,0,0,0,1
37,198,787,0,0,0,1
23,508,475,0,0,0,1
56,855,657,0,0,0,1
38,157,985,0,0,0,1
58,659,731,0,0,0,1
44,691,712,0,0,0,1
59,321,335,0,0,0,1
41,938,449,0,0,0,1
59,561,301,0,0,0,1
53,484,494,0,0,0,1
25,851,870,0,0,0,1
13,119,693,0,0,0,1
6,919,879,0,0,0,1
5,901,808,0,0,0,1
4,782,995,0,0,0,1
10,858,972,0,0,0,1
2,897,544,0,0,0,1
13,457,158,0,0,0,1
8,549,260,0,0,0,1
9,278,313,0,0,0,1
5,242,314,0,0,0,1
1,207,657,0,0,0,1
6,328,498,0,0,0,1
1,764,773,0,0,0,1
15,583,805,0,0,0,1
4,913,541,0,0,0,1
12,963,473,0,0,0,1
0,828,872,0,0,0,1
12,997,869,0,0,0,1
3,474,214,0,0,0,1
16,860,766,0,0,0,1
13,300,933,0,0,0,1
0,413,751,0,0,0,1
15,185,631,0,0,0,1
9,678,224,0,0,0,1
7,554,474,0,0,0,1
14,436,602,0,0,0,1
6,110,800,0,0,0,1
7,785,179,0,0,0,1
11,406,811,0,0,0,1
0,184,930,0,0,0,1
16,465,504,0,0,0,1
12,333,560,0,0,0,1
0,737,720,0,0,0,1
8,190,248,0,0,0,1
14,193,874,0,0,0,1
15,406,785,0,0,0,1
3,516,729,0,0,0,1
9,746,993,0,0,0,1
7,237,627,0,0,0,1
12,715,832,0,0,0,1
13,166,870,0,0,0,1
13,459,556,0,0,0,1
7,935,186,0,0,0,1
6,491,516,0,0,0,1
13,534,515,0,0,0,1
2,616,664,0,0,0,1
2,509,774,0,0,0,1
10,547,621,0,0,0,1
6,669,241,0,0,0,1
7,548,736,0,0,0,1
60,19,0,0,1,0,0
60,19,18,0,1,0,0
60,19,60,0,0,0,1
60,19,1,0,1,0,0
60,19,19,0,1,0,0
60,19,17,0,1,0,0
60,19,61,0,0,0,1
60,19,59,0,1,0,0
60,100,0,0,1,0,0
60,100,18,0,1,0,0
60,100,60,0,0,0,1
60,100,1,0,1,0,0
60,100,19,0,1,0,0
60,100,17,0,1,0,0
60,100,61,0,0,0,1
60,100,59,0,1,0,0
60,1000,0,0,1,0,0
60,1000,18,0,1,0,0
60,1000,60,0,0,0,1
60,1000,1,0,1,0,0
60,1000,19,0,1,0,0
60,1000,17,0,1,0,0
60,1000,61,0,0,0,1
60,1000,59,0,1,0,0
60,20,0,0,1,0,0
60,20,18,0,1,0,0
60,20,60,0,0,0,1
60,20,1,0,1,0,0
60,20,19,0,1,0,0
60,20,17,0,1,0,0
60,20,61,0,0,0,1
60,20,59,0,1,0,0
60,18,0,1,0,0,0
60,18,18,1,0,0,0
60,18,60,1,0,0,0
60,18,1,1,0,0,0
60,18,19,1,0,0,0
60,18,17,1,0,0,0
60,18,61,1,0,0,0
60,18,59,1,0,0,0
60,101,0,0,1,0,0
60,101,18,0,1,0,0
60,101,60,0,0,0,1
60,101,1,0,1,0,0
60,101,19,0,1,0,0
60,101,17,0,1,0,0
60,101,61,0,0,0,1
60,101,59,0,1,0,0
60,99,0,0,1,0,0
60,99,18,0,1,0,0
60,99,60,0,0,0,1
60,99,1,0,1,0,0
60,99,19,0,1,0,0
60,99,17,0,1,0,0
60,99,61,0,0,0,1
60,99,59,0,1,0,0
60,1001,0,0,1,0,0
60,1001,18,0,1,0,0
60,1001,60,0,0,0,1
60,1001,1,0,1,0,0
60,1001,19,0,1,0,0
60,1001,17,0,1,0,0
60,1001,61,0,0,0,1
60,1001,59,0,1,0,0
60,999,0,0,1,0,0
60,999,18,0,1,0,0
60,999,60,0,0,0,1
60,999,1,0,1,0,0
60,999,19,0,1,0,0
60,999,17,0,1,0,0
60,999,61,0,0,0,1
60,999,59,0,1,0,0
1000,19,0,0,1,0,0
1000,19,18,0,1,0,0
1000,19,60,0,1,0,0
1000,19,1,0,1,0,0
1000,19,19,0,1,0,0
1000,19,17,0,1,0,0
1000,19,61,0,1,0,0
1000,19,59,0,1,0,0
1000,100,0,0,1,0,0
1000,100,18,0,1,0,0
1000,100,60,0,1,0,0
1000,100,1,0,1,0,0
1000,100,19,0,1,0,0
1000,100,17,0,1,0,0
1000,100,61,0,1,0,0
1000,100,59,0,1,0,0
1000,1000,0,0,1,0,0
1000,1000,18,0,1,0,0
1000,1000,60,0,1,0,0
1000,1000,1,0,1,0,0
1000,1000,19,0,1,0,0
1000,1000,17,0,1,0,0
1000,1000,61,0,0,1,0
1000,1000,59,0,1,0,0
1000,20,0,0,1,0,0
1000,20,18,0,1,0,0
1000,20,60,0,1,0,0
1000,20,1,0,1,0,0
1000,20,19,0,1,0,0
1000,20,17,0,1,0,0
1000,20,61,0,1,0,0
1000,20,59,0,1,0,0
1000,18,0,1,0,0,0
1000,18,18,1,0,0,0
1000,18,60,1,0,0,0
1000,18,1,1,0,0,0
1000,18,19,1,0,0,0
1000,18,17,1,0,0,0
1000,18,61,1,0,0,0
1000,18,59,1,0,0,0
1000,101,0,0,1,0,0
1000,101,18,0,1,0,0
1000,101,60,0,1,0,0
1000,101,1,0,1,0,0
1000,101,19,0,1,0,0
1000,101,17,0,1,0,0
1000,101,61,0,0,1,0
1000,101,59,0,1,0,0
1000,99,0,0,1,0,0
1000,99,18,0,1,0,0
1000,99,60,0,1,0,0
1000,99,1,0,1,0,0
1000,99,19,0,1,0,0
1000,99,17,0,1,0,0
1000,99,61,0,1,0,0
1000,99,59,0,1,0,0
1000,1001,0,0,1,0,0
1000,1001,18,0,1,0,0
1000,1001,60,0,1,0,0
1000,1001,1,0,1,0,0
1000,1001,19,0,1,0,0
1000,1001,17,0,1,0,0
1000,1001,61,0,0,1,0
1000,1001,59,0,1,0,0
1000,999,0,0,1,0,0
1000,999,18,0,1,0,0
1000,999,60,0,1,0,0
1000,999,1,0,1,0,0
1000,999,19,0,1,0,0
1000,999,17,0,1,0,0
1000,999,61,0,0,1,0
1000,999,59,0,1,0,0
61,19,0,0,1,0,0
61,19,18,0,1,0,0
61,19,60,0,1,0,0
61,19,1,0,1,0,0
61,19,19,0,1,0,0
61,19,17,0,1,0,0
61,19,61,0,0,0,1
61,19,59,0,1,0,0
61,100,0,0,1,0,0
61,100,18,0,1,0,0
61,100,60,0,1,0,0
61,100,1,0,1,0,0
61,100,19,0,1,0,0
61,100,17,0,1,0,0
61,100,61,0,0,0,1
61,100,59,0,1,0,0
61,1000,0,0,1,0,0
61,1000,18,0,1,0,0
61,1000,60,0,1,0,0
61,1000,1,0,1,0,0
61,1000,19,0,1,0,0
61,1000,17,0,1,0,0
61,1000,61,0,0,1,0
61,1000,59,0,1,0,0
61,20,0,0,1,0,0
61,20,18,0,1,0,0
61,20,60,0,1,0,0
61,20,1,0,1,0,0
61,20,19,0,1,0,0
61,20,17,0,1,0,0
61,20,61,0,0,0,1
61,20,59,0,1,0,0
61,18,0,1,0,0,0
61,18,18,1,0,0,0
61,18,60,1,0,0,0
61,18,1,1,0,0,0
61,18,19,1,0,0,0
61,18,17,1,0,0,0
61,18,61,1,0,0,0
61,18,59,1,0,0,0
61,101,0,0,1,0,0
61,101,18,0,1,0,0
61,101,60,0,1,0,0
61,101,1,0,1,0,0
61,101,19,0,1,0,0
61,101,17,0,1,0,0
61,101,61,0,0,1,0
61,101,59,0,1,0,0
61,99,0,0,1,0,0
61,99,18,0,1,0,0
61,99,60,0,1,0,0
61,99,1,0,1,0,0
61,99,19,0,1,0,0
61,99,17,0,1,0,0
61,99,61,0,0,0,1
61,99,59,0,1,0,0
61,1001,0,0,1,0,0
61,1001,18,0,1,0,0
61,1001,60,0,1,0,0
61,1001,1,0,1,0,0
61,1001,19,0,1,0,0
61,1001,17,0,1,0,0
61,1001,61,0,0,1,0
61,1001,59,0,1,0,0
61,999,0,0,1,0,0
61,999,18,0,1,0,0
61,999,60,0,1,0,0
61,999,1,0,1,0,0
61,999,19,0,1,0,0
61,999,17,0,1,0,0
61,999,61,0,0,1,0
61,999,59,0,1,0,0
59,19,0,0,1,0,0
59,19,18,0,1,0,0
59,19,60,0,0,0,1
59,19,1,0,1,0,0
59,19,19,0,1,0,0
59,19,17,0,1,0,0
59,19,61,0,0,0,1
59,19,59,0,0,0,1
59,100,0,0,1,0,0
59,100,18,0,1,0,0
59,100,60,0,0,0,1
59,100,1,0,1,0,0
59,100,19,0,1,0,0
59,100,17,0,1,0,0
59,100,61,0,0,0,1
59,100,59,0,0,0,1
59,1000,0,0,1,0,0
59,1000,18,0,1,0,0
59,1000,60,0,0,0,1
59,1000,1,0,1,0,0
59,1000,19,0,1,0,0
59,1000,17,0,1,0,0
59,1000,61,0,0,0,1
59,1000,59,0,0,0,1
59,20,0,0,1,0,0
59,20,18,0,1,0,0
59,20,60,0,0,0,1
59,20,1,0,1,0,0
59,20,19,0,1,0,0
59,20,17,0,1,0,0
59,20,61,0,0,0,1
59,20,59,0,0,0,1
59,18,0,1,0,0,0
59,18,18,1,0,0,0
59,18,60,1,0,0,0
59,18,1,1,0,0,0
59,18,19,1,0,0,0
59,18,17,1,0,0,0
59,18,61,1,0,0,0
59,18,59,1,0,0,0
59,101,0,0,1,0,0
59,101,18,0,1,0,0
59,101,60,0,0,0,1
59,101,1,0,1,0,0
59,101,19,0,1,0,0
59,101,17,0,1,0,0
59,101,61,0,0,0,1
59,101,59,0,0,0,1
59,99,0,0,1,0,0
59,99,18,0,1,0,0
59,99,60,0,0,0,1
59,99,1,0,1,0,0
59,99,19,0,1,0,0
59,99,17,0,1,0,0
59,99,61,0,0,0,1
59,99,59,0,0,0,1
59,1001,0,0,1,0,0
59,1001,18,0,1,0,0
59,1001,60,0,0,0,1
59,1001,1,0,1,0,0
59,1001,19,0,1,0,0
59,1001,17,0,1,0,0
59,1001,61,0,0,0,1
59,1001,59,0,0,0,1
59,999,0,0,1,0,0
59,999,18,0,1,0,0
59,999,60,0,0,0,1
59,999,1,0,1,0,0
59,999,19,0,1,0,0
59,999,17,0,1,0,0
59,999,61,0,0,0,1
59,999,59,0,0,0,1
1001,19,0,0,1,0,0
1001,19,18,0,1,0,0
1001,19,60,0,1,0,0
1001,19,1,0,1,0,0
1001,19,19,0,1,0,0
1001,19,17,0,1,0,0
1001,19,61,0,1,0,0
1001,19,59,0,1,0,0
1001,100,0,0,1,0,0
1001,100,18,0,1,0,0
1001,100,60,0,1,0,0
1001,100,1,0,1,0,0
1001,100,19,0,1,0,0
1001,100,17,0,1,0,0
1001,100,61,0,1,0,0
1001,100,59,0,1,0,0
1001,1000,0,0,1,0,0
1001,1000,18,0,1,0,0
1001,1000,60,0,1,0,0
1001,1000,1,0,1,0,0
1001,1000,19,0,1,0,0
1001,1000,17,0,1,0,0
1001,1000,61,0,0,1,0
1001,1000,59,0,1,0,0
1001,20,0,0,1,0,0
1001,20,18,0,1,0,0
1001,20,60,0,1,0,0
1001,20,1,0,1,0,0
1001,20,19,0,1,0,0
1001,20,17,0,1,0,0
1001,20,61,0,1,0,0
1001,20,59,0,1,0,0
1001,18,0,1,0,0,0
1001,18,18,1,0,0,0
1001,18,60,1,0,0,0
1001,18,1,1,0,0,0
1001,18,19,1,0,0,0
1001,18,17,1,0,0,0
1001,18,61,1,0,0,0
1001,18,59,1,0,0,0
1001,101,0,0,1,0,0
1001,101,18,0,1,0,0
1001,101,60,0,1,0,0
1001,101,1,0,1,0,0
1001,101,19,0,1,0,0
1001,101,17,0,1,0,0
1001,101,61,0,0,1,0
1001,101,59,0,1,0,0
1001,99,0,0,1,0,0
1001,99,18,0,1,0,0
1001,99,60,0,1,0,0
1001,99,1,0,1,0,0
1001,99,19,0,1,0,0
1001,99,17,0,1,0,0
1001,99,61,0,1,0,0
1001,99,59,0,1,0,0
1001,1001,0,0,1,0,0
1001,1001,18,0,1,0,0
1001,1001,60,0,1,0,0
1001,1001,1,0,1,0,0
1001,1001,19,0,1,0,0
1001,1001,17,0,1,0,0
1001,1001,61,0,0,1,0
1001,1001,59,0,1,0,0
1001,999,0,0,1,0,0
1001,999,18,0,1,0,0
1001,999,60,0,1,0,0
1001,999,1,0,1,0,0
1001,999,19,0,1,0,0
1001,999,17,0,1,0,0
1001,999,61,0,0,1,0
1001,999,59,0,1,0,0
999,19,0,0,1,0,0
999,19,18,0,1,0,0
999,19,60,0,1,0,0
999,19,1,0,1,0,0
999,19,19,0,1,0,0
999,19,17,0,1,0,0
999,19,61,0,1,0,0
999,19,59,0,1,0,0
999,100,0,0,1,0,0
999,100,18,0,1,0,0
999,100,60,0,1,0,0
999,100,1,0,1,0,0
999,100,19,0,1,0,0
999,100,17,0,1,0,0
999,100,61,0,1,0,0
999,100,59,0,1,0,0
999,1000,0,0,1,0,0
999,1000,18,0,1,0,0
999,1000,60,0,1,0,0
999,1000,1,0,1,0,0
999,1000,19,0,1,0,0
999,1000,17,0,1,0,0
999,1000,61,0,0,1,0
999,1000,59,0,1,0,0
999,20,0,0,1,0,0
999,20,18,0,1,0,0
999,20,60,0,1,0,0
999,20,1,0,1,0,0
999,20,19,0,1,0,0
999,20,17,0,1,0,0
999,20,61,0,1,0,0
999,20,59,0,1,0,0
999,18,0,1,0,0,0
999,18,18,1,0,0,0
999,18,60,1,0,0,0
999,18,1,1,0,0,0
999,18,19,1,0,0,0
999,18,17,1,0,0,0
999,18,61,1,0,0,0
999,18,59,1,0,0,0
999,101,0,0,1,0,0
999,101,18,0,1,0,0
999,101,60,0,1,0,0
999,101,1,0,1,0,0
999,101,19,0,1,0,0
999,101,17,0,1,0,0
999,101,61,0,0,1,0
999,101,59,0,1,0,0
999,99,0,0,1,0,0
999,99,18,0,1,0,0
999,99,60,0,1,0,0
999,99,1,0,1,0,0
999,99,19,0,1,0,0
999,99,17,0,1,0,0
999,99,61,0,1,0,0
999,99,59,0,1,0,0
999,1001,0,0,1,0,0
999,1001,18,0,1,0,0
999,1001,60,0,1,0,0
999,1001,1,0,1,0,0
999,1001,19,0,1,0,0
999,1001,17,0,1,0,0
999,1001,61,0,0,1,0
999,1001,59,0,1,0,0
999,999,0,0,1,0,0
999,999,18,0,1,0,0
999,999,60,0,1,0,0
999,999,1,0,1,0,0
999,999,19,0,1,0,0
999,999,17,0,1,0,0
999,999,61,0,0,1,0
999,999,59,0,1,0,0
247,412,49,0,1,0,0
807,269,46,0,1,0,0
646,247,14,0,1,0,0
221,299,16,0,1,0,0
978,117,9,0,1,0,0
670,452,37,0,1,0,0
905,943,17,0,1,0,0
887,296,15,0,1,0,0
832,737,37,0,1,0,0
930,965,20,0,1,0,0
124,837,24,0,1,0,0
211,544,55,0,1,0,0
863,203,34,0,1,0,0
264,330,5,0,1,0,0
110,389,34,0,1,0,0
809,690,42,0,1,0,0
964,785,52,0,1,0,0
536,433,7,0,1,0,0
904,508,15,0,1,0,0
733,731,39,0,1,0,0
611,185,50,0,1,0,0
664,123,15,0,1,0,0
926,466,14,0,1,0,0
580,858,19,0,1,0,0
217,414,37,0,1,0,0
882,390,5,0,1,0,0
75,560,2,0,1,0,0
359,693,10,0,1,0,0
305,884,1,0,1,0,0
462,192,32,0,1,0,0
257,590,38,0,1,0,0
219,118,32,0,1,0,0
369,829,50,0,1,0,0
116,926,51,0,1,0,0
550,872,50,0,1,0,0
858,635,43,0,1,0,0
143,204,4,0,1,0,0
668,319,54,0,1,0,0
699,434,48,0,1,0,0
670,309,51,0,1,0,0
996,838,22,0,1,0,0
793,254,39,0,1,0,0
98,968,50,0,1,0,0
434,688,6,0,1,0,0
692,904,2,0,1,0,0
740,995,21,0,1,0,0
228,132,6,0,1,0,0
579,958,20,0,1,0,0
516,630,9,0,1,0,0
331,965,53,0,1,0,0
610,35,1,0,1,0,0
540,59,8,0,1,0,0
738,58,8,0,1,0,0
644,60,8,0,1,0,0
589,62,10,0,1,0,0
135,49,6,0,1,0,0
65,86,7,0,1,0,0
622,66,7,0,1,0,0
65,55,15,0,1,0,0
533,89,6,0,1,0,0
667,88,5,0,1,0,0
293,21,4,0,1,0,0
467,45,12,0,1,0,0
123,81,12,0,1,0,0
947,51,13,0,1,0,0
92,61,7,0,1,0,0
292,62,1,0,1,0,0
566,74,0,0,1,0,0
496,50,13,0,1,0,0
258,88,3,0,1,0,0
901,69,3,0,1,0,0
523,67,12,0,1,0,0
734,62,12,0,1,0,0
912,92,7,0,1,0,0
512,24,16,0,1,0,0
781,62,7,0,1,0,0
422,63,3,0,1,0,0
388,42,8,0,1,0,0
440,50,15,0,1,0,0
859,51,2,0,1,0,0
350,54,8,0,1,0,0
559,74,10,0,1,0,0
108,79,10,0,1,0,0
930,74,9,0,1,0,0
689,19,8,0,1,0,0
570,47,3,0,1,0,0
786,37,4,0,1,0,0
349,60,11,0,1,0,0
413,98,10,0,1,0,0
185,23,11,0,1,0,0
125,93,14,0,1,0,0
559,52,4,0,1,0,0
632,58,5,0,1,0,0
312,43,7,0,1,0,0
428,59,13,0,1,0,0
819,93,8,0,1,0,0
446,89,12,0,1,0,0
220,84,7,0,1,0,0
814,25,14,0,1,0,0
933,53,8,0,1,0,0
0,0,0,1,0,0,0
0,0,18,1,0,0,0
0,0,1,1,0,0,0
0,0,19,1,0,0,0
0,0,17,1,0,0,0
0,19,0,0,0,1,0
0,19,18,0,0,0,1
0,19,1,0,0,1,0
0,19,19,0,0,0,1
0,19,17,0,0,1,0
0,100,0,0,0,1,0
0,100,18,0,0,0,1
0,100,1,0,0,1,0
0,100,19,0,0,0,1
0,100,17,0,0,1,0
0,1,0,1,0,0,0
0,1,18,1,0,0,0
0,1,1,1,0,0,0
0,1,19,1,0,0,0
0,1,17,1,0,0,0
0,20,0,0,0,1,0
0,20,18,0,0,0,1
0,20,1,0,0,1,0
0,20,19,0,0,0,1
0,20,17,0,0,1,0
0,18,0,1,0,0,0
0,18,18,1,0,0,0
0,18,1,1,0,0,0
0,18,19,1,0,0,0
0,18,17,1,0,0,0
0,101,0,0,0,1,0
0,101,18,0,0,0,1
0,101,1,0,0,1,0
0,101,19,0,0,0,1
0,101,17,0,0,1,0
0,99,0,0,0,1,0
0,99,18,0,0,0,1
0,99,1,0,0,1,0
0,99,19,0,0,0,1
0,99,17,0,0,1,0
18,0,0,1,0,0,0
18,0,18,1,0,0,0
18,0,1,1,0,0,0
18,0,19,1,0,0,0
18,0,17,1,0,0,0
18,19,0,0,1,0,0
18,19,18,0,0,0,1
18,19,1,0,1,0,0
18,19,19,0,0,0,1
18,19,17,0,1,0,0
18,100,0,0,1,0,0
18,100,18,0,0,0,1
18,100,1,0,1,0,0
18,100,19,0,0,0,1
18,100,17,0,1,0,0
18,1,0,1,0,0,0
18,1,18,1,0,0,0
18,1,1,1,0,0,0
18,1,19,1,0,0,0
18,1,17,1,0,0,0
18,20,0,0,1,0,0
18,20,18,0,0,0,1
18,20,1,0,1,0,0
18,20,19,0,0,0,1
18,20,17,0,1,0,0
18,18,0,1,0,0,0
18,18,18,1,0,0,0
18,18,1,1,0,0,0
18,18,19,1,0,0,0
18,18,17,1,0,0,0
18,101,0,0,1,0,0
18,101,18,0,0,0,1
18,101,1,0,1,0,0
18,101,19,0,0,0,1
18,101,17,0,1,0,0
18,99,0,0,1,0,0
18,99,18,0,0,0,1
18,99,1,0,1,0,0
18,99,19,0,0,0,1
18,99,17,0,1,0,0
1,0,0,1,0,0,0
1,0,18,1,0,0,0
1,0,1,1,0,0,0
1,0,19,1,0,0,0
1,0,17,1,0,0,0
1,19,0,0,0,1,0
1,19,18,0,0,0,1
1,19,1,0,0,1,0
1,19,19,0,0,0,1
1,19,17,0,0,1,0
1,100,0,0,0,1,0
1,100,18,0,0,0,1
1,100,1,0,0,1,0
1,100,19,0,0,0,1
1,100,17,0,0,1,0
1,1,0,1,0,0,0
1,1,18,1,0,0,0
1,1,1,1,0,0,0
1,1,19,1,0,0,0
1,1,17,1,0,0,0
1,20,0,0,0,1,0
1,20,18,0,0,0,1
1,20,1,0,0,1,0
1,20,19,0,0,0,1
1,20,17,0,0,1,0
1,18,0,1,0,0,0
1,18,18,1,0,0,0
1,18,1,1,0,0,0
1,18,19,1,0,0,0
1,18,17,1,0,0,0
1,101,0,0,0,1,0
1,101,18,0,0,0,1
1,101,1,0,0,1,0
1,101,19,0,0,0,1
1,101,17,0,0,1,0
1,99,0,0,0,1,0
1,99,18,0,0,0,1
1,99,1,0,0,1,0
1,99,19,0,0,0,1
1,99,17,0,0,1,0
19,0,0,1,0,0,0
19,0,18,1,0,0,0
19,0,1,1,0,0,0
19,0,19,1,0,0,0
19,0,17,1,0,0,0
19,19,0,0,1,0,0
19,19,18,0,1,0,0
19,19,1,0,1,0,0
19,19,19,0,0,0,1
19,19,17,0,1,0,0
19,100,0,0,1,0,0
19,100,18,0,1,0,0
19,100,1,0,1,0,0
19,100,19,0,0,0,1
19,100,17,0,1,0,0
19,1,0,1,0,0,0
19,1,18,1,0,0,0
19,1,1,1,0,0,0
19,1,19,1,0,0,0
19,1,17,1,0,0,0
19,20,0,0,1,0,0
19,20,18,0,1,0,0
19,20,1,0,1,0,0
19,20,19,0,0,0,1
19,20,17,0,1,0,0
19,18,0,1,0,0,0
19,18,18,1,0,0,0
19,18,1,1,0,0,0
19,18,19,1,0,0,0
19,18,17,1,0,0,0
19,101,0,0,1,0,0
19,101,18,0,1,0,0
19,101,1,0,1,0,0
19,101,19,0,0,0,1
19,101,17,0,1,0,0
19,99,0,0,1,0,0
19,99,18,0,1,0,0
19,99,1,0,1,0,0
19,99,19,0,0,0,1
19,99,17,0,1,0,0
17,0,0,1,0,0,0
17,0,18,1,0,0,0
17,0,1,1,0,0,0
17,0,19,1,0,0,0
17,0,17,1,0,0,0
17,19,0,0,0,1,0
17,19,18,0,0,0,1
17,19,1,0,0,1,0
17,19,19,0,0,0,1
17,19,17,0,0,1,0
17,100,0,0,0,1,0
17,100,18,0,0,0,1
17,100,1,0,0,1,0
17,100,19,0,0,0,1
17,100,17,0,0,1,0
17,1,0,1,0,0,0
17,1,18,1,0,0,0
17,1,1,1,0,0,0
17,1,19,1,0,0,0
17,1,17,1,0,0,0
17,20,0,0,0,1,0
17,20,18,0,0,0,1
17,20,1,0,0,1,0
17,20,19,0,0,0,1
17,20,17,0,0,1,0
17,18,0,1,0,0,0
17,18,18,1,0,0,0
17,18,1,1,0,0,0
17,18,19,1,0,0,0
17,18,17,1,0,0,0
17,101,0,0,0,1,0
17,101,18,0,0,0,1
17,101,1,0,0,1,0
17,101,19,0,0,0,1
17,101,17,0,0,1,0
17,99,0,0,0,1,0
17,99,18,0,0,0,1
17,99,1,0,0,1,0
17,99,19,0,0,0,1
17,99,17,0,0,1,0
0,275,1,0,0,1,0
0,295,14,0,0,1,0
1,509,0,0,0,1,0
2,465,2,0,0,1,0
0,674,2,0,0,1,0
14,278,8,0,0,1,0
16,524,7,0,0,1,0
0,170,3,0,0,1,0
11,930,6,0,0,1,0
13,983,1,0,0,1,0
4,338,9,0,0,1,0
10,633,15,0,0,1,0
11,502,15,0,0,1,0
0,117,1,0,0,1,0
10,898,14,0,0,1,0
3,531,1,0,0,1,0
2,94,8,0,0,1,0
11,317,8,0,0,1,0
2,193,6,0,0,1,0
12,58,11,0,0,1,0
10,816,1,0,0,1,0
4,953,13,0,0,1,0
0,771,6,0,0,1,0
1,687,2,0,0,1,0
4,165,11,0,0,1,0
11,977,15,0,0,1,0
16,540,12,0,0,1,0
11,470,16,0,0,1,0
4,430,13,0,0,1,0
5,481,12,0,0,1,0
13,272,16,0,0,1,0
14,766,14,0,0,1,0
10,213,9,0,0,1,0
10,737,11,0,0,1,0
5,854,13,0,0,1,0
5,91,8,0,0,1,0
8,730,9,0,0,1,0
16,375,1,0,0,1,0
4,79,0,0,0,1,0
10,632,1,0,0,1,0
5,186,4,0,0,1,0
13,993,3,0,0,1,0
3,226,0,0,0,1,0
12,688,14,0,0,1,0
15,571,10,0,0,1,0
7,973,5,0,0,1,0
5,169,10,0,0,1,0
3,20,15,0,0,1,0
3,55,0,0,0,1,0
4,858,8,0,0,1,0
8,518,3,0,0,1,0
6,318,2,0,0,1,0
10,227,8,0,0,1,0
0,507,1,0,0,1,0
7,959,7,0,0,1,0
9,301,14,0,0,1,0
6,366,8,0,0,1,0
12,808,3,0,0,1,0
4,983,8,0,0,1,0
0,186,15,0,0,1,0
10,315,14,0,0,1,0
14,729,13,0,0,1,0
7,158,0,0,0,1,0
5,403,7,0,0,1,0
11,549,5,0,0,1,0
5,84,15,0,0,1,0
10,342,12,0,0,1,0
7,228,12,0,0,1,0
15,380,9,0,0,1,0
2,430,4,0,0,1,0
16,748,6,0,0,1,0
7,980,5,0,0,1,0
16,744,16,0,0,1,0
0,811,0,0,0,1,0
9,648,9,0,0,1,0
8,126,2,0,0,1,0
8,881,3,0,0,1,0
7,407,15,0,0,1,0
3,157,16,0,0,1,0
9,225,9,0,0,1,0
1,834,11,0,0,1,0
2,807,16,0,0,1,0
11,140,11,0,0,1,0
10,959,1,0,0,1,0
2,140,9,0,0,1,0
0,394,13,0,0,1,0
2,525,3,0,0,1,0
5,968,3,0,0,1,0
10,379,10,0,0,1,0
13,767,15,0,0,1,0
14,926,2,0,0,1,0
3,689,5,0,0,1,0
3,684,0,0,0,1,0
8,710,0,0,0,1,0
4,148,11,0,0,1,0
15,632,5,0,0,1,0
1,93,7,0,0,1,0
3,638,7,0,0,1,0
11,39,10,0,0,1,0
8,187,2,0,0,1,0
0,100,18,0,0,0,1
0,100,60,0,0,0,1
0,100,19,0,0,0,1
0,100,17,0,0,1,0
0,100,61,0,0,0,1
0,100,59,0,0,0,1
0,1000,18,0,0,0,1
0,1000,60,0,0,0,1
0,1000,19,0,0,0,1
0,1000,17,0,0,1,0
0,1000,61,0,0,0,1
0,1000,59,0,0,0,1
0,101,18,0,0,0,1
0,101,60,0,0,0,1
0,101,19,0,0,0,1
0,101,17,0,0,1,0
0,101,61,0,0,0,1
0,101,59,0,0,0,1
0,99,18,0,0,0,1
0,99,60,0,0,0,1
0,99,19,0,0,0,1
0,99,17,0,0,1,0
0,99,61,0,0,0,1
0,99,59,0,0,0,1
0,1001,18,0,0,0,1
0,1001,60,0,0,0,1
0,1001,19,0,0,0,1
0,1001,17,0,0,1,0
0,1001,61,0,0,0,1
0,1001,59,0,0,0,1
0,999,18,0,0,0,1
0,999,60,0,0,0,1
0,999,19,0,0,0,1
0,999,17,0,0,1,0
0,999,61,0,0,0,1
0,999,59,0,0,0,1
60,100,18,0,1,0,0
60,100,60,0,0,0,1
60,100,19,0,1,0,0
60,100,17,0,1,0,0
60,100,61,0,0,0,1
60,100,59,0,1,0,0
60,1000,18,0,1,0,0
60,1000,60,0,0,0,1
60,1000,19,0,1,0,0
60,1000,17,0,1,0,0
60,1000,61,0,0,0,1
60,1000,59,0,1,0,0
60,101,18,0,1,0,0
60,101,60,0,0,0,1
60,101,19,0,1,0,0
60,101,17,0,1,0,0
60,101,61,0,0,0,1
60,101,59,0,1,0,0
60,99,18,0,1,0,0
60,99,60,0,0,0,1
60,99,19,0,1,0,0
60,99,17,0,1,0,0
60,99,61,0,0,0,1
60,99,59,0,1,0,0
60,1001,18,0,1,0,0
60,1001,60,0,0,0,1
60,1001,19,0,1,0,0
60,1001,17,0,1,0,0
60,1001,61,0,0,0,1
60,1001,59,0,1,0,0
60,999,18,0,1,0,0
60,999,60,0,0,0,1
60,999,19,0,1,0,0
60,999,17,0,1,0,0
60,999,61,0,0,0,1
60,999,59,0,1,0,0
1,100,18,0,0,0,1
1,100,60,0,0,0,1
1,100,19,0,0,0,1
1,100,17,0,0,1,0
1,100,61,0,0,0,1
1,100,59,0,0,0,1
1,1000,18,0,0,0,1
1,1000,60,0,0,0,1
1,1000,19,0,0,0,1
1,1000,17,0,0,1,0
1,1000,61,0,0,0,1
1,1000,59,0,0,0,1
1,101,18,0,0,0,1
1,101,60,0,0,0,1
1,101,19,0,0,0,1
1,101,17,0,0,1,0
1,101,61,0,0,0,1
1,101,59,0,0,0,1
1,99,18,0,0,0,1
1,99,60,0,0,0,1
1,99,19,0,0,0,1
1,99,17,0,0,1,0
1,99,61,0,0,0,1
1,99,59,0,0,0,1
1,1001,18,0,0,0,1
1,1001,60,0,0,0,1
1,1001,19,0,0,0,1
1,1001,17,0,0,1,0
1,1001,61,0,0,0,1
1,1001,59,0,0,0,1
1,999,18,0,0,0,1
1,999,60,0,0,0,1
1,999,19,0,0,0,1
1,999,17,0,0,1,0
1,999,61,0,0,0,1
1,999,59,0,0,0,1
61,100,18,0,1,0,0
61,100,60,0,1,0,0
61,100,19,0,1,0,0
61,100,17,0,1,0,0
61,100,61,0,0,0,1
61,100,59,0,1,0,0
61,1000,18,0,1,0,0
61,1000,60,0,1,0,0
61,1000,19,0,1,0,0
61,1000,17,0,1,0,0
61,1000,61,0,0,1,0
61,1000,59,0,1,0,0
61,101,18,0,1,0,0
61,101,60,0,1,0,0
61,101,19,0,1,0,0
61,101,17,0,1,0,0
61,101,61,0,0,1,0
61,101,59,0,1,0,0
61,99,18,0,1,0,0
61,99,60,0,1,0,0
61,99,19,0,1,0,0
61,99,17,0,1,0,0
61,99,61,0,0,0,1
61,99,59,0,1,0,0
61,1001,18,0,1,0,0
61,1001,60,0,1,0,0
61,1001,19,0,1,0,0
61,1001,17,0,1,0,0
61,1001,61,0,0,1,0
61,1001,59,0,1,0,0
61,999,18,0,1,0,0
61,999,60,0,1,0,0
61,999,19,0,1,0,0
61,999,17,0,1,0,0
61,999,61,0,0,1,0
61,999,59,0,1,0,0
59,100,18,0,1,0,0
59,100,60,0,0,0,1
59,100,19,0,1,0,0
59,100,17,0,1,0,0
59,100,61,0,0,0,1
59,100,59,0,0,0,1
59,1000,18,0,1,0,0
59,1000,60,0,0,0,1
59,1000,19,0,1,0,0
59,1000,17,0,1,0,0
59,1000,61,0,0,0,1
59,1000,59,0,0,0,1
59,101,18,0,1,0,0
59,101,60,0,0,0,1
59,101,19,0,1,0,0
59,101,17,0,1,0,0
59,101,61,0,0,0,1
59,101,59,0,0,0,1
59,99,18,0,1,0,0
59,99,60,0,0,0,1
59,99,19,0,1,0,0
59,99,17,0,1,0,0
59,99,61,0,0,0,1
59,99,59,0,0,0,1
59,1001,18,0,1,0,0
59,1001,60,0,0,0,1
59,1001,19,0,1,0,0
59,1001,17,0,1,0,0
59,1001,61,0,0,0,1
59,1001,59,0,0,0,1
59,999,18,0,1,0,0
59,999,60,0,0,0,1
59,999,19,0,1,0,0
59,999,17,0,1,0,0
59,999,61,0,0,0,1
59,999,59,0,0,0,1
22,863,29,0,0,0,1
30,162,19,0,1,0,0
58,277,32,0,1,0,0
58,625,46,0,1,0,0
51,352,39,0,1,0,0
56,837,42,0,1,0,0
38,880,47,0,0,0,1
54,708,29,0,1,0,0
43,851,38,0,1,0,0
40,773,26,0,1,0,0
34,857,28,0,1,0,0
50,944,33,0,1,0,0
52,602,32,0,1,0,0
53,807,39,0,1,0,0
48,686,37,0,1,0,0
47,349,23,0,1,0,0
33,892,34,0,0,0,1
27,708,21,0,1,0,0
18,966,51,0,0,0,1
47,976,47,0,0,0,1
49,711,40,0,1,0,0
35,153,36,0,0,0,1
58,357,42,0,1,0,0
57,194,36,0,1,0,0
36,150,41,0,0,0,1
36,535,21,0,1,0,0
25,537,35,0,0,0,1
47,482,40,0,1,0,0
51,513,20,0,1,0,0
20,381,41,0,0,0,1
33,447,35,0,0,0,1
45,713,25,0,1,0,0
24,241,34,0,0,0,1
19,548,49,0,0,0,1
31,762,52,0,0,0,1
55,445,29,0,1,0,0
55,469,55,0,0,0,1
39,198,24,0,1,0,0
23,219,36,0,0,0,1
23,955,20,0,1,0,0
19,640,52,0,0,0,1
57,126,58,0,0,0,1
19,480,32,0,0,0,1
46,173,22,0,1,0,0
59,715,31,0,1,0,0
18,639,47,0,0,0,1
30,581,45,0,0,0,1
37,922,18,0,1,0,0
59,193,26,0,1,0,0
23,305,55,0,0,0,1
32,843,34,0,0,0,1
37,955,29,0,1,0,0
26,406,27,0,0,0,1
22,437,38,0,0,0,1
45,270,56,0,0,0,1
46,838,55,0,0,0,1
55,117,51,0,1,0,0
53,971,57,0,0,0,1
26,864,43,0,0,0,1
54,184,48,0,1,0,0
22,827,33,0,0,0,1
24,373,46,0,0,0,1
37,891,41,0,0,0,1
57,735,53,0,1,0,0
43,191,21,0,1,0,0
57,587,31,0,1,0,0
46,338,35,0,1,0,0
56,946,55,0,1,0,0
47,790,51,0,0,0,1
33,900,59,0,0,0,1
24,899,22,0,1,0,0
20,952,45,0,0,0,1
48,751,56,0,0,0,1
50,553,18,0,1,0,0
37,378,34,0,1,0,0
19,126,58,0,0,0,1
30,155,54,0,0,0,1
51,871,55,0,0,0,1
22,473,54,0,0,0,1
42,171,33,0,1,0,0
49,817,38,0,1,0,0
33,265,49,0,0,0,1
42,763,43,0,0,0,1
49,130,45,0,1,0,0
39,454,46,0,0,0,1
19,948,44,0,0,0,1
52,370,34,0,1,0,0
41,649,34,0,1,0,0
57,973,36,0,1,0,0
36,865,44,0,0,0,1
53,317,36,0,1,0,0
36,599,21,0,1,0,0
40,580,36,0,1,0,0
48,930,46,0,1,0,0
42,238,37,0,1,0,0
34,199,23,0,1,0,0
40,831,42,0,0,0,1
37,936,49,0,0,0,1
23,491,33,0,0,0,1
24,610,32,0,0,0,1
41,906,49,0,0,0,1
45,806,31,0,1,0,0
57,445,22,0,1,0,0
35,839,55,0,0,0,1
49,945,40,0,1,0,0
23,207,27,0,0,0,1
20,149,39,0,0,0,1
19,919,18,0,1,0,0
42,988,32,0,1,0,0
51,203,18,0,1,0,0
30,937,27,0,1,0,0
26,549,32,0,0,0,1
19,433,59,0,0,0,1
48,665,39,0,1,0,0
40,235,18,0,1,0,0
50,737,52,0,0,0,1
27,534,45,0,0,0,1
40,235,32,0,1,0,0
19,388,40,0,0,0,1
46,790,30,0,1,0,0
45,851,38,0,1,0,0
37,533,54,0,0,0,1
32,987,42,0,0,0,1
22,504,53,0,0,0,1
23,351,31,0,0,0,1
45,650,31,0,1,0,0
59,821,39,0,1,0,0
47,501,26,0,1,0,0
42,482,57,0,0,0,1
27,173,43,0,0,0,1
37,674,49,0,0,0,1
31,708,36,0,0,0,1
44,867,39,0,1,0,0
28,141,44,0,0,0,1
31,793,32,0,0,0,1
29,232,51,0,0,0,1
50,240,44,0,1,0,0
19,894,34,0,0,0,1
49,903,54,0,0,0,1
41,495,51,0,0,0,1
54,353,21,0,1,0,0
22,871,54,0,0,0,1
38,840,29,0,1,0,0
25,383,29,0,0,0,1
24,654,28,0,0,0,1
41,738,48,0,0,0,1
59,785,57,0,1,0,0
54,757,45,0,1,0,0
31,732,57,0,0,0,1
45,194,32,0,1,0,0
50,237,26,0,1,0,0
19,977,56,0,0,0,1
21,468,23,0,0,0,1
59,899,58,0,1,0,0
36,956,42,0,0,0,1
36,325,59,0,0,0,1
18,978,48,0,0,0,1
54,795,20,0,1,0,0
54,501,49,0,1,0,0
30,293,42,0,0,0,1
31,280,28,0,1,0,0
21,105,54,0,0,0,1
33,788,45,0,0,0,1
41,433,30,0,1,0,0
49,474,41,0,1,0,0
25,412,36,0,0,0,1
38,458,38,0,0,0,1
53,696,44,0,1,0,0
56,144,34,0,1,0,0
27,251,54,0,0,0,1
44,558,38,0,1,0,0
29,849,33,0,0,0,1
55,559,47,0,1,0,0
51,926,45,0,1,0,0
29,151,44,0,0,0,1
42,462,47,0,0,0,1
26,998,38,0,0,0,1
34,427,30,0,1,0,0
35,129,55,0,0,0,1
32,207,22,0,1,0,0
38,494,19,0,1,0,0
47,648,23,0,1,0,0
31,466,52,0,0,0,1
41,202,45,0,0,0,1
26,692,32,0,0,0,1
45,594,19,0,1,0,0
35,999,21,0,1,0,0
56,227,48,0,1,0,0
26,185,37,0,0,0,1
31,529,30,0,1,0,0
59,264,40,0,1,0,0
47,705,47,0,0,0,1
22,796,52,0,0,0,1
31,703,37,0,0,0,1
34,473,54,0,0,0,1
38,755,23,0,1,0,0
49,791,26,0,1,0,0
26,782,55,0,0,0,1
59,885,42,0,1,0,0
29,706,42,0,0,0,1
0,19,18,0,0,0,1
0,19,60,0,0,0,1
0,19,19,0,0,0,1
0,19,17,0,0,1,0
0,19,61,0,0,0,1
0,19,59,0,0,0,1
0,100,18,0,0,0,1
0,100,60,0,0,0,1
0,100,19,0,0,0,1
0,100,17,0,0,1,0
0,100,61,0,0,0,1
0,100,59,0,0,0,1
0,1000,18,0,0,0,1
0,1000,60,0,0,0,1
0,1000,19,0,0,0,1
0,1000,17,0,0,1,0
0,1000,61,0,0,0,1
0,1000,59,0,0,0,1
0,20,18,0,0,0,1
0,20,60,0,0,0,1
0,20,19,0,0,0,1
0,20,17,0,0,1,0
0,20,61,0,0,0,1
0,20,59,0,0,0,1
0,18,18,1,0,0,0
0,18,60,1,0,0,0
0,18,19,1,0,0,0
0,18,17,1,0,0,0
0,18,61,1,0,0,0
0,18,59,1,0,0,0
0,101,18,0,0,0,1
0,101,60,0,0,0,1
0,101,19,0,0,0,1
0,101,17,0,0,1,0
0,101,61,0,0,0,1
0,101,59,0,0,0,1
0,99,18,0,0,0,1
0,99,60,0,0,0,1
0,99,19,0,0,0,1
0,99,17,0,0,1,0
0,99,61,0,0,0,1
0,99,59,0,0,0,1
0,1001,18,0,0,0,1
0,1001,60,0,0,0,1
0,1001,19,0,0,0,1
0,1001,17,0,0,1,0
0,1001,61,0,0,0,1
0,1001,59,0,0,0,1
0,999,18,0,0,0,1
0,999,60,0,0,0,1
0,999,19,0,0,0,1
0,999,17,0,0,1,0
0,999,61,0,0,0,1
0,999,59,0,0,0,1
18,19,18,0,0,0,1
18,19,60,0,0,0,1
18,19,19,0,0,0,1
18,19,17,0,1,0,0
18,19,61,0,0,0,1
18,19,59,0,0,0,1
18,100,18,0,0,0,1
18,100,60,0,0,0,1
18,100,19,0,0,0,1
18,100,17,0,1,0,0
18,100,61,0,0,0,1
18,100,59,0,0,0,1
18,1000,18,0,0,0,1
18,1000,60,0,0,0,1
18,1000,19,0,0,0,1
18,1000,17,0,1,0,0
18,1000,61,0,0,0,1
18,1000,59,0,0,0,1
18,20,18,0,0,0,1
18,20,60,0,0,0,1
18,20,19,0,0,0,1
18,20,17,0,1,0,0
18,20,61,0,0,0,1
18,20,59,0,0,0,1
18,18,18,1,0,0,0
18,18,60,1,0,0,0
18,18,19,1,0,0,0
18,18,17,1,0,0,0
18,18,61,1,0,0,0
18,18,59,1,0,0,0
18,101,18,0,0,0,1
18,101,60,0,0,0,1
18,101,19,0,0,0,1
18,101,17,0,1,0,0
18,101,61,0,0,0,1
18,101,59,0,0,0,1
18,99,18,0,0,0,1
18,99,60,0,0,0,1
18,99,19,0,0,0,1
18,99,17,0,1,0,0
18,99,61,0,0,0,1
18,99,59,0,0,0,1
18,1001,18,0,0,0,1
18,1001,60,0,0,0,1
18,1001,19,0,0,0,1
18,1001,17,0,1,0,0
18,1001,61,0,0,0,1
18,1001,59,0,0,0,1
18,999,18,0,0,0,1
18,999,60,0,0,0,1
18,999,19,0,0,0,1
18,999,17,0,1,0,0
18,999,61,0,0,0,1
18,999,59,0,0,0,1
1,19,18,0,0,0,1
1,19,60,0,0,0,1
1,19,19,0,0,0,1
1,19,17,0,0,1,0
1,19,61,0,0,0,1
1,19,59,0,0,0,1
1,100,18,0,0,0,1
1,100,60,0,0,0,1
1,100,19,0,0,0,1
1,100,17,0,0,1,0
1,100,61,0,0,0,1
1,100,59,0,0,0,1
1,1000,18,0,0,0,1
1,1000,60,0,0,0,1
1,1000,19,0,0,0,1
1,1000,17,0,0,1,0
1,1000,61,0,0,0,1
1,1000,59,0,0,0,1
1,20,18,0,0,0,1
1,20,60,0,0,0,1
1,20,19,0,0,0,1
1,20,17,0,0,1,0
1,20,61,0,0,0,1
1,20,59,0,0,0,1
1,18,18,1,0,0,0
1,18,60,1,0,0,0
1,18,19,1,0,0,0
1,18,17,1,0,0,0
1,18,61,1,0,0,0
1,18,59,1,0,0,0
1,101,18,0,0,0,1
1,101,60,0,0,0,1
1,101,19,0,0,0,1
1,101,17,0,0,1,0
1,101,61,0,0,0,1
1,101,59,0,0,0,1
1,99,18,0,0,0,1
1,99,60,0,0,0,1
1,99,19,0,0,0,1
1,99,17,0,0,1,0
1,99,61,0,0,0,1
1,99,59,0,0,0,1
1,1001,18,0,0,0,1
1,1001,60,0,0,0,1
1,1001,19,0,0,0,1
1,1001,17,0,0,1,0
1,1001,61,0,0,0,1
1,1001,59,0,0,0,1
1,999,18,0,0,0,1
1,999,60,0,0,0,1
1,999,19,0,0,0,1
1,999,17,0,0,1,0
1,999,61,0,0,0,1
1,999,59,0,0,0,1
19,19,18,0,1,0,0
19,19,60,0,0,0,1
19,19,19,0,0,0,1
19,19,17,0,1,0,0
19,19,61,0,0,0,1
19,19,59,0,0,0,1
19,100,18,0,1,0,0
19,100,60,0,0,0,1
19,100,19,0,0,0,1
19,100,17,0,1,0,0
19,100,61,0,0,0,1
19,100,59,0,0,0,1
19,1000,18,0,1,0,0
19,1000,60,0,0,0,1
19,1000,19,0,0,0,1
19,1000,17,0,1,0,0
19,1000,61,0,0,0,1
19,1000,59,0,0,0,1
19,20,18,0,1,0,0
19,20,60,0,0,0,1
19,20,19,0,0,0,1
19,20,17,0,1,0,0
19,20,61,0,0,0,1
19,20,59,0,0,0,1
19,18,18,1,0,0,0
19,18,60,1,0,0,0
19,18,19,1,0,0,0
19,18,17,1,0,0,0
19,18,61,1,0,0,0
19,18,59,1,0,0,0
19,101,18,0,1,0,0
19,101,60,0,0,0,1
19,101,19,0,0,0,1
19,101,17,0,1,0,0
19,101,61,0,0,0,1
19,101,59,0,0,0,1
19,99,18,0,1,0,0
19,99,60,0,0,0,1
19,99,19,0,0,0,1
19,99,17,0,1,0,0
19,99,61,0,0,0,1
19,99,59,0,0,0,1
19,1001,18,0,1,0,0
19,1001,60,0,0,0,1
19,1001,19,0,0,0,1
19,1001,17,0,1,0,0
19,1001,61,0,0,0,1
19,1001,59,0,0,0,1
19,999,18,0,1,0,0
19,999,60,0,0,0,1
19,999,19,0,0,0,1
19,999,17,0,1,0,0
19,999,61,0,0,0,1
19,999,59,0,0,0,1
17,19,18,0,0,0,1
17,19,60,0,0,0,1
17,19,19,0,0,0,1
17,19,17,0,0,1,0
17,19,61,0,0,0,1
17,19,59,0,0,0,1
17,100,18,0,0,0,1
17,100,60,0,0,0,1
17,100,19,0,0,0,1
17,100,17,0,0,1,0
17,100,61,0,0,0,1
17,100,59,0,0,0,1
17,1000,18,0,0,0,1
17,1000,60,0,0,0,1
17,1000,19,0,0,0,1
17,1000,17,0,0,1,0
17,1000,61,0,0,0,1
17,1000,59,0,0,0,1
17,20,18,0,0,0,1
17,20,60,0,0,0,1
17,20,19,0,0,0,1
17,20,17,0,0,1,0
17,20,61,0,0,0,1
17,20,59,0,0,0,1
17,18,18,1,0,0,0
17,18,60,1,0,0,0
17,18,19,1,0,0,0
17,18,17,1,0,0,0
17,18,61,1,0,0,0
17,18,59,1,0,0,0
17,101,18,0,0,0,1
17,101,60,0,0,0,1
17,101,19,0,0,0,1
17,101,17,0,0,1,0
17,101,61,0,0,0,1
17,101,59,0,0,0,1
17,99,18,0,0,0,1
17,99,60,0,0,0,1
17,99,19,0,0,0,1
17,99,17,0,0,1,0
17,99,61,0,0,0,1
17,99,59,0,0,0,1
17,1001,18,0,0,0,1
17,1001,60,0,0,0,1
17,1001,19,0,0,0,1
17,1001,17,0,0,1,0
17,1001,61,0,0,0,1
17,1001,59,0,0,0,1
17,999,18,0,0,0,1
17,999,60,0,0,0,1
17,999,19,0,0,0,1
17,999,17,0,0,1,0
17,999,61,0,0,0,1
17,999,59,0,0,0,1
0,599,43,0,0,0,1
11,947,50,0,0,0,1
10,445,42,0,0,0,1
8,730,39,0,0,0,1
8,911,50,0,0,0,1
8,78,33,0,0,0,1
8,842,53,0,0,0,1
14,644,28,0,0,0,1
0,948,34,0,0,0,1
6,577,50,0,0,0,1
15,602,50,0,0,0,1
13,867,20,0,0,0,1
16,607,23,0,0,0,1
1,434,30,0,0,0,1
9,37,58,0,0,0,1
0,313,48,0,0,0,1
9,103,44,0,0,0,1
1,328,31,0,0,0,1
5,149,36,0,0,0,1
4,317,32,0,0,0,1
10,851,39,0,0,0,1
13,597,28,0,0,0,1
9,688,34,0,0,0,1
11,317,38,0,0,0,1
5,535,40,0,0,0,1
6,21,28,0,0,0,1
2,502,19,0,0,0,1
3,228,37,0,0,0,1
14,917,39,0,0,0,1
15,763,18,0,0,0,1
1,324,43,0,0,0,1
8,886,22,0,0,0,1
3,75,57,0,0,0,1
12,910,18,0,0,0,1
16,930,42,0,0,0,1
11,245,59,0,0,0,1
0,801,32,0,0,0,1
7,169,43,0,0,0,1
3,347,22,0,0,0,1
10,594,45,0,0,0,1
12,48,23,0,0,0,1
9,52,55,0,0,0,1
1,387,58,0,0,0,1
16,67,57,0,0,0,1
4,347,22,0,0,0,1
6,545,31,0,0,0,1
2,958,55,0,0,0,1
5,910,49,0,0,0,1
10,540,34,0,0,0,1
12,401,40,0,0,0,1
4,272,29,0,0,0,1
0,233,58,0,0,0,1
4,154,32,0,0,0,1
11,679,57,0,0,0,1
5,51,19,0,0,0,1
14,45,58,0,0,0,1
1,435,22,0,0,0,1
9,248,57,0,0,0,1
16,45,29,0,0,0,1
11,542,41,0,0,0,1
6,226,57,0,0,0,1
14,515,51,0,0,0,1
8,329,36,0,0,0,1
2,684,48,0,0,0,1
16,442,47,0,0,0,1
15,123,34,0,0,0,1
14,935,55,0,0,0,1
5,918,54,0,0,0,1
7,548,34,0,0,0,1
3,520,23,0,0,0,1
13,957,26,0,0,0,1
14,837,26,0,0,0,1
6,381,48,0,0,0,1
12,875,42,0,0,0,1
11,180,32,0,0,0,1
0,640,50,0,0,0,1
6,397,54,0,0,0,1
16,313,50,0,0,0,1
4,559,47,0,0,0,1
12,673,51,0,0,0,1
11,129,46,0,0,0,1
12,479,51,0,0,0,1
15,954,34,0,0,0,1
13,984,47,0,0,0,1
6,584,56,0,0,0,1
0,418,58,0,0,0,1
11,796,44,0,0,0,1
0,160,35,0,0,0,1
13,447,30,0,0,0,1
11,729,20,0,0,0,1
10,67,29,0,0,0,1
16,741,44,0,0,0,1
15,164,38,0,0,0,1
2,377,25,0,0,0,1
15,110,22,0,0,0,1
14,151,41,0,0,0,1
13,386,29,0,0,0,1
1,649,19,0,0,0,1
14,478,32,0,0,0,1
15,858,46,0,0,0,1
18,19,0,0,1,0,0
18,19,18,0,0,0,1
18,19,1,0,1,0,0
18,19,19,0,0,0,1
18,19,17,0,1,0,0
18,100,0,0,1,0,0
18,100,18,0,0,0,1
18,100,1,0,1,0,0
18,100,19,0,0,0,1
18,100,17,0,1,0,0
18,1000,0,0,1,0,0
18,1000,18,0,0,0,1
18,1000,1,0,1,0,0
18,1000,19,0,0,0,1
18,1000,17,0,1,0,0
18,20,0,0,1,0,0
18,20,18,0,0,0,1
18,20,1,0,1,0,0
18,20,19,0,0,0,1
18,20,17,0,1,0,0
18,18,0,1,0,0,0
18,18,18,1,0,0,0
18,18,1,1,0,0,0
18,18,19,1,0,0,0
18,18,17,1,0,0,0
18,101,0,0,1,0,0
18,101,18,0,0,0,1
18,101,1,0,1,0,0
18,101,19,0,0,0,1
18,101,17,0,1,0,0
18,99,0,0,1,0,0
18,99,18,0,0,0,1
18,99,1,0,1,0,0
18,99,19,0,0,0,1
18,99,17,0,1,0,0
18,1001,0,0,1,0,0
18,1001,18,0,0,0,1
18,1001,1,0,1,0,0
18,1001,19,0,0,0,1
18,1001,17,0,1,0,0
18,999,0,0,1,0,0
18,999,18,0,0,0,1
18,999,1,0,1,0,0
18,999,19,0,0,0,1
18,999,17,0,1,0,0
60,19,0,0,1,0,0
60,19,18,0,1,0,0
60,19,1,0,1,0,0
60,19,19,0,1,0,0
60,19,17,0,1,0,0
60,100,0,0,1,0,0
60,100,18,0,1,0,0
60,100,1,0,1,0,0
60,100,19,0,1,0,0
60,100,17,0,1,0,0
60,1000,0,0,1,0,0
60,1000,18,0,1,0,0
60,1000,1,0,1,0,0
60,1000,19,0,1,0,0
60,1000,17,0,1,0,0
60,20,0,0,1,0,0
60,20,18,0,1,0,0
60,20,1,0,1,0,0
60,20,19,0,1,0,0
60,20,17,0,1,0,0
60,18,0,1,0,0,0
60,18,18,1,0,0,0
60,18,1,1,0,0,0
60,18,19,1,0,0,0
60,18,17,1,0,0,0
60,101,0,0,1,0,0
60,101,18,0,1,0,0
60,101,1,0,1,0,0
60,101,19,0,1,0,0
60,101,17,0,1,0,0
60,99,0,0,1,0,0
60,99,18,0,1,0,0
60,99,1,0,1,0,0
60,99,19,0,1,0,0
60,99,17,0,1,0,0
60,1001,0,0,1,0,0
60,1001,18,0,1,0,0
60,1001,1,0,1,0,0
60,1001,19,0,1,0,0
60,1001,17,0,1,0,0
60,999,0,0,1,0,0
60,999,18,0,1,0,0
60,999,1,0,1,0,0
60,999,19,0,1,0,0
60,999,17,0,1,0,0
19,19,0,0,1,0,0
19,19,18,0,1,0,0
19,19,1,0,1,0,0
19,19,19,0,0,0,1
19,19,17,0,1,0,0
19,100,0,0,1,0,0
19,100,18,0,1,0,0
19,100,1,0,1,0,0
19,100,19,0,0,0,1
19,100,17,0,1,0,0
19,1000,0,0,1,0,0
19,1000,18,0,1,0,0
19,1000,1,0,1,0,0
19,1000,19,0,0,0,1
19,1000,17,0,1,0,0
19,20,0,0,1,0,0
19,20,18,0,1,0,0
19,20,1,0,1,0,0
19,20,19,0,0,0,1
19,20,17,0,1,0,0
19,18,0,1,0,0,0
19,18,18,1,0,0,0
19,18,1,1,0,0,0
19,18,19,1,0,0,0
19,18,17,1,0,0,0
19,101,0,0,1,0,0
19,101,18,0,1,0,0
19,101,1,0,1,0,0
19,101,19,0,0,0,1
19,101,17,0,1,0,0
19,99,0,0,1,0,0
19,99,18,0,1,0,0
19,99,1,0,1,0,0
19,99,19,0,0,0,1
19,99,17,0,1,0,0
19,1001,0,0,1,0,0
19,1001,18,0,1,0,0
19,1001,1,0,1,0,0
19,1001,19,0,0,0,1
19,1001,17,0,1,0,0
19,999,0,0,1,0,0
19,999,18,0,1,0,0
19,999,1,0,1,0,0
19,999,19,0,0,0,1
19,999,17,0,1,0,0
17,19,0,0,0,1,0
17,19,18,0,0,0,1
17,19,1,0,0,1,0
17,19,19,0,0,0,1
17,19,17,0,0,1,0
17,100,0,0,0,1,0
17,100,18,0,0,0,1
17,100,1,0,0,1,0
17,100,19,0,0,0,1
17,100,17,0,0,1,0
17,1000,0,0,0,1,0
17,1000,18,0,0,0,1
17,1000,1,0,0,1,0
17,1000,19,0,0,0,1
17,1000,17,0,0,1,0
17,20,0,0,0,1,0
17,20,18,0,0,0,1
17,20,1,0,0,1,0
17,20,19,0,0,0,1
17,20,17,0,0,1,0
17,18,0,1,0,0,0
17,18,18,1,0,0,0
17,18,1,1,0,0,0
17,18,19,1,0,0,0
17,18,17,1,0,0,0
17,101,0,0,0,1,0
17,101,18,0,0,0,1
17,101,1,0,0,1,0
17,101,19,0,0,0,1
17,101,17,0,0,1,0
17,99,0,0,0,1,0
17,99,18,0,0,0,1
17,99,1,0,0,1,0
17,99,19,0,0,0,1
17,99,17,0,0,1,0
17,1001,0,0,0,1,0
17,1001,18,0,0,0,1
17,1001,1,0,0,1,0
17,1001,19,0,0,0,1
17,1001,17,0,0,1,0
17,999,0,0,0,1,0
17,999,18,0,0,0,1
17,999,1,0,0,1,0
17,999,19,0,0,0,1
17,999,17,0,0,1,0
61,19,0,0,1,0,0
61,19,18,0,1,0,0
61,19,1,0,1,0,0
61,19,19,0,1,0,0
61,19,17,0,1,0,0
61,100,0,0,1,0,0
61,100,18,0,1,0,0
61,100,1,0,1,0,0
61,100,19,0,1,0,0
61,100,17,0,1,0,0
61,1000,0,0,1,0,0
61,1000,18,0,1,0,0
61,1000,1,0,1,0,0
61,1000,19,0,1,0,0
61,1000,17,0,1,0,0
61,20,0,0,1,0,0
61,20,18,0,1,0,0
61,20,1,0,1,0,0
61,20,19,0,1,0,0
61,20,17,0,1,0,0
61,18,0,1,0,0,0
61,18,18,1,0,0,0
61,18,1,1,0,0,0
61,18,19,1,0,0,0
61,18,17,1,0,0,0
61,101,0,0,1,0,0
61,101,18,0,1,0,0
61,101,1,0,1,0,0
61,101,19,0,1,0,0
61,101,17,0,1,0,0
61,99,0,0,1,0,0
61,99,18,0,1,0,0
61,99,1,0,1,0,0
61,99,19,0,1,0,0
61,99,17,0,1,0,0
61,1001,0,0,1,0,0
61,1001,18,0,1,0,0
61,1001,1,0,1,0,0
61,1001,19,0,1,0,0
61,1001,17,0,1,0,0
61,999,0,0,1,0,0
61,999,18,0,1,0,0
61,999,1,0,1,0,0
61,999,19,0,1,0,0
61,999,17,0,1,0,0
59,19,0,0,1,0,0
59,19,18,0,1,0,0
59,19,1,0,1,0,0
59,19,19,0,1,0,0
59,19,17,0,1,0,0
59,100,0,0,1,0,0
59,100,18,0,1,0,0
59,100,1,0,1,0,0
59,100,19,0,1,0,0
59,100,17,0,1,0,0
59,1000,0,0,1,0,0
59,1000,18,0,1,0,0
59,1000,1,0,1,0,0
59,1000,19,0,1,0,0
59,1000,17,0,1,0,0
59,20,0,0,1,0,0
59,20,18,0,1,0,0
59,20,1,0,1,0,0
59,20,19,0,1,0,0
59,20,17,0,1,0,0
59,18,0,1,0,0,0
59,18,18,1,0,0,0
59,18,1,1,0,0,0
59,18,19,1,0,0,0
59,18,17,1,0,0,0
59,101,0,0,1,0,0
59,101,18,0,1,0,0
59,101,1,0,1,0,0
59,101,19,0,1,0,0
59,101,17,0,1,0,0
59,99,0,0,1,0,0
59,99,18,0,1,0,0
59,99,1,0,1,0,0
59,99,19,0,1,0,0
59,99,17,0,1,0,0
59,1001,0,0,1,0,0
59,1001,18,0,1,0,0
59,1001,1,0,1,0,0
59,1001,19,0,1,0,0
59,1001,17,0,1,0,0
59,999,0,0,1,0,0
59,999,18,0,1,0,0
59,999,1,0,1,0,0
59,999,19,0,1,0,0
59,999,17,0,1,0,0
20,850,3,0,1,0,0
57,916,7,0,1,0,0
30,590,4,0,1,0,0
22,340,12,0,1,0,0
36,634,15,0,1,0,0
21,482,5,0,1,0,0
25,265,11,0,1,0,0
44,309,9,0,1,0,0
53,351,1,0,1,0,0
19,936,14,0,1,0,0
42,767,15,0,1,0,0
57,188,1,0,1,0,0
37,432,5,0,1,0,0
19,281,9,0,1,0,0
47,207,14,0,1,0,0
58,731,8,0,1,0,0
59,720,6,0,1,0,0
41,586,1,0,1,0,0
23,887,14,0,1,0,0
32,208,11,0,1,0,0
37,605,2,0,1,0,0
49,965,9,0,1,0,0
29,192,13,0,1,0,0
56,945,3,0,1,0,0
56,94,14,0,1,0,0
42,785,14,0,1,0,0
32,847,3,0,1,0,0
38,948,13,0,1,0,0
41,772,10,0,1,0,0
48,526,14,0,1,0,0
44,272,5,0,1,0,0
42,659,15,0,1,0,0
50,67,5,0,1,0,0
24,753,3,0,1,0,0
22,58,6,0,1,0,0
19,349,12,0,1,0,0
55,488,9,0,1,0,0
54,547,11,0,1,0,0
56,343,7,0,1,0,0
29,199,12,0,1,0,0
51,423,8,0,1,0,0
48,745,3,0,1,0,0
48,635,11,0,1,0,0
46,907,4,0,1,0,0
45,229,1,0,1,0,0
49,543,14,0,1,0,0
24,154,1,0,1,0,0
38,254,14,0,1,0,0
43,209,3,0,1,0,0
39,649,8,0,1,0,0
40,951,2,0,1,0,0
31,250,3,0,1,0,0
25,190,10,0,1,0,0
24,298,3,0,1,0,0
20,923,7,0,1,0,0
39,730,0,0,1,0,0
38,785,12,0,1,0,0
57,211,8,0,1,0,0
23,292,16,0,1,0,0
51,587,14,0,1,0,0
27,657,6,0,1,0,0
57,775,14,0,1,0,0
26,625,14,0,1,0,0
51,253,3,0,1,0,0
34,303,5,0,1,0,0
45,329,7,0,1,0,0
37,738,11,0,1,0,0
52,67,8,0,1,0,0
20,879,6,0,1,0,0
18,91,3,0,1,0,0
39,89,6,0,1,0,0
43,344,10,0,1,0,0
51,569,15,0,1,0,0
23,648,15,0,1,0,0
58,559,11,0,1,0,0
38,613,16,0,1,0,0
55,260,3,0,1,0,0
35,770,5,0,1,0,0
22,755,13,0,1,0,0
37,509,8,0,1,0,0
55,170,16,0,1,0,0
25,939,9,0,1,0,0
37,326,6,0,1,0,0
38,65,0,0,1,0,0
43,719,2,0,1,0,0
42,372,0,0,1,0,0
37,258,8,0,1,0,0
53,41,3,0,1,0,0
46,613,1,0,1,0,0
43,478,10,0,1,0,0
19,19,16,0,1,0,0
18,611,3,0,1,0,0
22,31,6,0,1,0,0
55,793,11,0,1,0,0
20,114,15,0,1,0,0
21,555,6,0,1,0,0
38,816,1,0,1,0,0
33,781,4,0,1,0,0
33,612,6,0,1,0,0
57,647,12,0,1,0,0
